{
  "name": "GustoSyncRecipe",
  "description": "When there is a trigger on a specified schedule, do action",
  "version": 7,
  "private": true,
  "concurrency": 1,
  "code": {
    "number": 0,
    "provider": "clock",
    "name": "scheduled_event",
    "as": "1b138da1",
    "title": null,
    "description": "<span class=\"provider\">Trigger</span> on a <span class=\"provider\">specified schedule</span>",
    "keyword": "trigger",
    "dynamicPickListSelection": {
    },
    "toggleCfg": {
    },
    "input": {
      "time_unit": "minutes",
      "trigger_every": "5"
    },
    "extended_input_schema": [
      {
        "control_type": "integer",
        "default": "5",
        "enforce_template_mode": true,
        "extends_schema": true,
        "hint": "Define repeating schedule. Enter whole numbers only.\n                        This field can be set to a minimum of 5 minutes.",
        "label": "Trigger every",
        "name": "trigger_every",
        "optional": false,
        "suffix": {
          "text": "minutes"
        },
        "type": "string"
      },
      {
        "control_type": "date_time",
        "enforce_template_mode": true,
        "extends_schema": true,
        "hint": "Set date and time to start or leave blank to start immediately. <b>Once recipe has been run or tested, value cannot be changed.</b>",
        "label": "Start after",
        "name": "start_after",
        "optional": true,
        "since_field": true,
        "type": "date_time",
        "parse_output": "date_time_conversion",
        "render_input": "date_time_conversion"
      }
    ],
    "block": [
      {
        "number": 1,
        "provider": "gusto_connector_1208859_1678367701",
        "name": "search_object",
        "as": "5a0b3653",
        "title": null,
        "description": "Search <span class=\"provider\">Employees</span> in <span class=\"provider\">Gusto</span> (Deprecated)",
        "keyword": "action",
        "dynamicPickListSelection": {
          "object": "Employee"
        },
        "toggleCfg": {
        },
        "input": {
          "object": "employee"
        },
        "extended_output_schema": [
          {
            "label": "Employees",
            "name": "records",
            "of": "object",
            "optional": true,
            "properties": [
              {
                "control_type": "integer",
                "label": "Employee ID",
                "parse_output": "integer_conversion",
                "render_input": "integer_conversion",
                "optional": true,
                "type": "integer",
                "name": "id"
              },
              {
                "control_type": "text",
                "label": "UUID",
                "optional": true,
                "type": "string",
                "name": "uuid"
              },
              {
                "control_type": "text",
                "label": "Version",
                "hint": "The version of the object in the Gusto system.",
                "optional": true,
                "type": "string",
                "name": "version"
              },
              {
                "control_type": "integer",
                "label": "Company ID",
                "parse_output": "integer_conversion",
                "render_input": "integer_conversion",
                "optional": true,
                "type": "integer",
                "name": "company_id"
              },
              {
                "control_type": "text",
                "label": "First name",
                "sticky": true,
                "optional": true,
                "type": "string",
                "name": "first_name"
              },
              {
                "control_type": "text",
                "label": "Middle initial",
                "sticky": true,
                "optional": true,
                "type": "string",
                "name": "middle_initial"
              },
              {
                "control_type": "text",
                "label": "Last name",
                "sticky": true,
                "optional": true,
                "type": "string",
                "name": "last_name"
              },
              {
                "control_type": "text",
                "label": "Company UUID",
                "optional": true,
                "type": "string",
                "name": "company_uuid"
              },
              {
                "control_type": "integer",
                "label": "Manager ID",
                "parse_output": "integer_conversion",
                "render_input": "integer_conversion",
                "optional": true,
                "type": "integer",
                "name": "manager_id"
              },
              {
                "control_type": "text",
                "label": "Manager UUID",
                "optional": true,
                "type": "string",
                "name": "manager_uuid"
              },
              {
                "control_type": "text",
                "label": "Department",
                "optional": true,
                "type": "string",
                "name": "department"
              },
              {
                "control_type": "text",
                "label": "Email",
                "sticky": true,
                "optional": true,
                "type": "string",
                "name": "email"
              },
              {
                "control_type": "text",
                "label": "SSN",
                "sticky": true,
                "optional": true,
                "type": "string",
                "name": "ssn"
              },
              {
                "control_type": "checkbox",
                "label": "Has SSN",
                "parse_output": "boolean_conversion",
                "render_input": "boolean_conversion",
                "hint": "Indicates whether the employee has an SSN in Gusto.",
                "toggle_hint": "Select from list",
                "toggle_field": {
                  "name": "has_ssn",
                  "type": "boolean",
                  "label": "Has SSN",
                  "optional": true,
                  "control_type": "text",
                  "render_input": "boolean_conversion",
                  "parse_output": "boolean_conversion",
                  "toggle_hint": "Use custom value",
                  "hint": "Allowed values are true or false"
                },
                "optional": true,
                "type": "number",
                "name": "has_ssn"
              },
              {
                "control_type": "text",
                "label": "Phone",
                "optional": true,
                "type": "string",
                "name": "phone"
              },
              {
                "control_type": "text",
                "label": "Preferred first name",
                "optional": true,
                "type": "string",
                "name": "preferred_first_name"
              },
              {
                "control_type": "text",
                "label": "Work email",
                "optional": true,
                "type": "string",
                "name": "work_email"
              },
              {
                "control_type": "text",
                "label": "Current employment status",
                "optional": true,
                "type": "string",
                "name": "current_employment_status"
              },
              {
                "control_type": "date",
                "label": "Date of birth",
                "render_input": "date_conversion",
                "parse_output": "date_conversion",
                "sticky": true,
                "optional": true,
                "type": "date_time",
                "name": "date_of_birth"
              },
              {
                "control_type": "checkbox",
                "label": "Terminated",
                "parse_output": "boolean_conversion",
                "render_input": "boolean_conversion",
                "optional": true,
                "type": "number",
                "name": "terminated"
              },
              {
                "control_type": "checkbox",
                "label": "Two percent shareholder",
                "parse_output": "boolean_conversion",
                "render_input": "boolean_conversion",
                "hint": "Whether the employee is a two percent shareholder of an S-Corp for tax purposes.",
                "toggle_hint": "Select from list",
                "toggle_field": {
                  "name": "two_percent_shareholder",
                  "type": "boolean",
                  "label": "Two percent shareholder",
                  "optional": true,
                  "control_type": "text",
                  "render_input": "boolean_conversion",
                  "parse_output": "boolean_conversion",
                  "toggle_hint": "Use custom value",
                  "hint": "Allowed values are true or false"
                },
                "optional": true,
                "type": "number",
                "name": "two_percent_shareholder"
              },
              {
                "name": "jobs",
                "type": "array",
                "of": "object",
                "label": "Jobs",
                "optional": true,
                "properties": [
                  {
                    "control_type": "integer",
                    "label": "Job ID",
                    "parse_output": "integer_conversion",
                    "render_input": "integer_conversion",
                    "optional": true,
                    "type": "integer",
                    "name": "id"
                  },
                  {
                    "control_type": "text",
                    "label": "UUID",
                    "optional": true,
                    "type": "string",
                    "name": "uuid"
                  },
                  {
                    "control_type": "text",
                    "label": "Version",
                    "hint": "The version of the object in the Gusto system.",
                    "optional": true,
                    "type": "string",
                    "name": "version"
                  },
                  {
                    "control_type": "integer",
                    "label": "Employee ID",
                    "parse_output": "integer_conversion",
                    "render_input": "integer_conversion",
                    "optional": true,
                    "type": "integer",
                    "name": "employee_id"
                  },
                  {
                    "control_type": "text",
                    "label": "Employee UUID",
                    "optional": true,
                    "type": "string",
                    "name": "employee_uuid"
                  },
                  {
                    "control_type": "integer",
                    "label": "Location ID",
                    "parse_output": "integer_conversion",
                    "hint": "Id of job's work location.",
                    "render_input": "integer_conversion",
                    "optional": true,
                    "type": "integer",
                    "name": "location_id"
                  },
                  {
                    "properties": [
                      {
                        "control_type": "integer",
                        "label": "ID",
                        "parse_output": "integer_conversion",
                        "render_input": "integer_conversion",
                        "optional": true,
                        "type": "integer",
                        "name": "id"
                      },
                      {
                        "control_type": "text",
                        "label": "Phone number",
                        "optional": true,
                        "type": "string",
                        "name": "phone_number"
                      },
                      {
                        "control_type": "text",
                        "label": "Street 1",
                        "optional": true,
                        "type": "string",
                        "name": "street_1"
                      },
                      {
                        "control_type": "text",
                        "label": "Street 2",
                        "optional": true,
                        "type": "string",
                        "name": "street_2"
                      },
                      {
                        "control_type": "text",
                        "label": "City",
                        "optional": true,
                        "type": "string",
                        "name": "city"
                      },
                      {
                        "control_type": "text",
                        "label": "State",
                        "optional": true,
                        "type": "string",
                        "name": "state"
                      },
                      {
                        "control_type": "text",
                        "label": "Zip",
                        "optional": true,
                        "type": "string",
                        "name": "zip"
                      },
                      {
                        "control_type": "text",
                        "label": "Country",
                        "optional": true,
                        "type": "string",
                        "name": "country"
                      },
                      {
                        "control_type": "checkbox",
                        "label": "Inactive",
                        "parse_output": "boolean_conversion",
                        "optional": true,
                        "type": "number",
                        "name": "inactive"
                      }
                    ],
                    "label": "Location",
                    "optional": true,
                    "type": "object",
                    "name": "location"
                  },
                  {
                    "control_type": "date",
                    "label": "Hire date",
                    "render_input": "date_conversion",
                    "parse_output": "date_conversion",
                    "sticky": true,
                    "optional": true,
                    "type": "date_time",
                    "name": "hire_date"
                  },
                  {
                    "control_type": "text",
                    "label": "Title",
                    "sticky": true,
                    "optional": true,
                    "type": "string",
                    "name": "title"
                  },
                  {
                    "control_type": "checkbox",
                    "label": "Primary",
                    "parse_output": "boolean_conversion",
                    "render_input": "boolean_conversion",
                    "optional": true,
                    "type": "number",
                    "name": "primary"
                  },
                  {
                    "control_type": "number",
                    "label": "Rate",
                    "parse_output": "integer_conversion",
                    "optional": true,
                    "type": "integer",
                    "name": "rate"
                  },
                  {
                    "control_type": "text",
                    "label": "Payment unit",
                    "optional": true,
                    "type": "string",
                    "name": "payment_unit"
                  },
                  {
                    "control_type": "integer",
                    "label": "Current compensation ID",
                    "parse_output": "integer_conversion",
                    "render_input": "integer_conversion",
                    "optional": true,
                    "type": "integer",
                    "name": "current_compensation_id"
                  },
                  {
                    "control_type": "text",
                    "label": "Current compensation UUID",
                    "optional": true,
                    "type": "string",
                    "name": "current_compensation_uuid"
                  },
                  {
                    "control_type": "checkbox",
                    "label": "Two percent shareholder",
                    "parse_output": "boolean_conversion",
                    "optional": true,
                    "type": "number",
                    "name": "two_percent_shareholder"
                  },
                  {
                    "name": "compensations",
                    "type": "array",
                    "of": "object",
                    "label": "Compensations",
                    "optional": true,
                    "properties": [
                      {
                        "control_type": "integer",
                        "label": "ID",
                        "parse_output": "integer_conversion",
                        "render_input": "integer_conversion",
                        "optional": true,
                        "type": "integer",
                        "name": "id"
                      },
                      {
                        "control_type": "text",
                        "label": "UUID",
                        "optional": true,
                        "type": "string",
                        "name": "uuid"
                      },
                      {
                        "control_type": "text",
                        "label": "Version",
                        "optional": true,
                        "type": "string",
                        "name": "version"
                      },
                      {
                        "control_type": "integer",
                        "label": "Job ID",
                        "parse_output": "integer_conversion",
                        "render_input": "integer_conversion",
                        "optional": true,
                        "type": "integer",
                        "name": "job_id"
                      },
                      {
                        "control_type": "text",
                        "label": "Job UUID",
                        "optional": true,
                        "type": "string",
                        "name": "job_uuid"
                      },
                      {
                        "control_type": "number",
                        "label": "Rate",
                        "parse_output": "integer_conversion",
                        "optional": true,
                        "type": "integer",
                        "name": "rate"
                      },
                      {
                        "control_type": "text",
                        "label": "Payment unit",
                        "optional": true,
                        "type": "string",
                        "name": "payment_unit"
                      },
                      {
                        "control_type": "text",
                        "label": "FLSA status",
                        "optional": true,
                        "type": "string",
                        "name": "flsa_status"
                      },
                      {
                        "control_type": "date",
                        "label": "Effective date",
                        "render_input": "date_conversion",
                        "parse_output": "date_conversion",
                        "optional": true,
                        "type": "date_time",
                        "name": "effective_date"
                      }
                    ]
                  }
                ]
              },
              {
                "name": "eligible_paid_time_off",
                "type": "array",
                "of": "object",
                "label": "Eligible paid time off",
                "optional": true,
                "properties": [
                  {
                    "control_type": "text",
                    "label": "Name",
                    "optional": true,
                    "type": "string",
                    "name": "name"
                  },
                  {
                    "control_type": "text",
                    "label": "Accrual unit",
                    "optional": true,
                    "type": "string",
                    "name": "accrual_unit"
                  },
                  {
                    "control_type": "text",
                    "label": "Accrual period",
                    "optional": true,
                    "type": "string",
                    "name": "accrual_period"
                  },
                  {
                    "control_type": "text",
                    "label": "Accrual rate",
                    "optional": true,
                    "type": "string",
                    "name": "accrual_rate"
                  },
                  {
                    "control_type": "text",
                    "label": "Accrual balance",
                    "optional": true,
                    "type": "string",
                    "name": "accrual_balance"
                  },
                  {
                    "control_type": "text",
                    "label": "Maximum accrual balance",
                    "optional": true,
                    "type": "string",
                    "name": "maximum_accrual_balance"
                  },
                  {
                    "control_type": "checkbox",
                    "label": "Paid at termination",
                    "parse_output": "boolean_conversion",
                    "render_input": "boolean_conversion",
                    "optional": true,
                    "type": "number",
                    "name": "paid_at_termination"
                  }
                ]
              },
              {
                "name": "terminations",
                "type": "array",
                "of": "object",
                "label": "Terminations",
                "optional": true,
                "properties": [
                  {
                    "control_type": "integer",
                    "label": "ID",
                    "parse_output": "integer_conversion",
                    "render_input": "integer_conversion",
                    "optional": true,
                    "type": "integer",
                    "name": "id"
                  },
                  {
                    "control_type": "integer",
                    "label": "Employee ID",
                    "parse_output": "integer_conversion",
                    "render_input": "integer_conversion",
                    "optional": true,
                    "type": "integer",
                    "name": "employee_id"
                  },
                  {
                    "control_type": "text",
                    "label": "Version",
                    "optional": true,
                    "type": "string",
                    "name": "version"
                  },
                  {
                    "control_type": "checkbox",
                    "label": "Active",
                    "parse_output": "boolean_conversion",
                    "render_input": "boolean_conversion",
                    "optional": true,
                    "type": "number",
                    "name": "active"
                  },
                  {
                    "control_type": "date",
                    "label": "Effective date",
                    "render_input": "date_conversion",
                    "parse_output": "date_conversion",
                    "optional": true,
                    "type": "date_time",
                    "name": "effective_date"
                  },
                  {
                    "control_type": "checkbox",
                    "label": "Run termination payroll",
                    "parse_output": "boolean_conversion",
                    "render_input": "boolean_conversion",
                    "optional": true,
                    "type": "number",
                    "name": "run_termination_payroll"
                  }
                ]
              },
              {
                "properties": [
                  {
                    "control_type": "integer",
                    "label": "ID",
                    "parse_output": "integer_conversion",
                    "render_input": "integer_conversion",
                    "optional": true,
                    "type": "integer",
                    "name": "id"
                  },
                  {
                    "control_type": "text",
                    "label": "Version",
                    "hint": "The version of the object in the Gusto system.",
                    "optional": true,
                    "type": "string",
                    "name": "version"
                  },
                  {
                    "control_type": "integer",
                    "label": "Company ID",
                    "parse_output": "integer_conversion",
                    "render_input": "integer_conversion",
                    "optional": true,
                    "type": "integer",
                    "name": "company_id"
                  },
                  {
                    "control_type": "integer",
                    "label": "Employee ID",
                    "parse_output": "integer_conversion",
                    "render_input": "integer_conversion",
                    "optional": true,
                    "type": "integer",
                    "name": "employee_id"
                  },
                  {
                    "control_type": "text",
                    "label": "Phone number",
                    "optional": true,
                    "type": "string",
                    "name": "phone_number"
                  },
                  {
                    "control_type": "text",
                    "label": "Street 1",
                    "optional": true,
                    "type": "string",
                    "name": "street_1"
                  },
                  {
                    "control_type": "text",
                    "label": "Street 2",
                    "optional": true,
                    "type": "string",
                    "name": "street_2"
                  },
                  {
                    "control_type": "text",
                    "label": "City",
                    "optional": true,
                    "type": "string",
                    "name": "city"
                  },
                  {
                    "control_type": "text",
                    "label": "State",
                    "optional": true,
                    "type": "string",
                    "name": "state"
                  },
                  {
                    "control_type": "text",
                    "label": "Zip",
                    "optional": true,
                    "type": "string",
                    "name": "zip"
                  },
                  {
                    "control_type": "text",
                    "label": "Country",
                    "optional": true,
                    "type": "string",
                    "name": "country"
                  },
                  {
                    "control_type": "checkbox",
                    "label": "Active",
                    "parse_output": "boolean_conversion",
                    "render_input": "boolean_conversion",
                    "optional": true,
                    "type": "number",
                    "name": "active"
                  },
                  {
                    "control_type": "checkbox",
                    "label": "Mailing address",
                    "parse_output": "boolean_conversion",
                    "toggle_hint": "Select from list",
                    "render_input": "boolean_conversion",
                    "toggle_field": {
                      "name": "mailing_address",
                      "label": "Mailing address",
                      "type": "string",
                      "control_type": "text",
                      "optional": true,
                      "parse_output": "boolean_conversion",
                      "render_input": "boolean_conversion",
                      "hint": "Accepted values are true or false",
                      "toggle_hint": "Use custom value"
                    },
                    "optional": true,
                    "type": "number",
                    "name": "mailing_address"
                  },
                  {
                    "control_type": "checkbox",
                    "label": "Filing address",
                    "parse_output": "boolean_conversion",
                    "toggle_hint": "Select from list",
                    "render_input": "boolean_conversion",
                    "toggle_field": {
                      "name": "filing_address",
                      "label": "Filing address",
                      "type": "string",
                      "control_type": "text",
                      "optional": true,
                      "sticky": true,
                      "parse_output": "boolean_conversion",
                      "render_input": "boolean_conversion",
                      "hint": "Accepted values are true or false",
                      "toggle_hint": "Use custom value"
                    },
                    "optional": true,
                    "type": "number",
                    "name": "filing_address"
                  }
                ],
                "label": "Home address",
                "optional": true,
                "type": "object",
                "name": "home_address"
              },
              {
                "name": "garnishments",
                "type": "array",
                "of": "object",
                "label": "Garnishments",
                "optional": true,
                "properties": [
                  {
                    "control_type": "integer",
                    "label": "ID",
                    "parse_output": "integer_conversion",
                    "render_input": "integer_conversion",
                    "optional": true,
                    "type": "integer",
                    "name": "id"
                  },
                  {
                    "control_type": "text",
                    "label": "Version",
                    "optional": true,
                    "type": "string",
                    "name": "version"
                  },
                  {
                    "control_type": "integer",
                    "label": "Employee ID",
                    "parse_output": "integer_conversion",
                    "render_input": "integer_conversion",
                    "optional": true,
                    "type": "integer",
                    "name": "employee_id"
                  },
                  {
                    "control_type": "checkbox",
                    "label": "Active",
                    "parse_output": "boolean_conversion",
                    "render_input": "boolean_conversion",
                    "optional": true,
                    "type": "number",
                    "name": "active"
                  },
                  {
                    "control_type": "text",
                    "label": "Amount",
                    "optional": true,
                    "type": "string",
                    "name": "amount"
                  },
                  {
                    "control_type": "text",
                    "label": "Description",
                    "optional": true,
                    "type": "string",
                    "name": "description"
                  },
                  {
                    "control_type": "checkbox",
                    "label": "Court ordered",
                    "parse_output": "boolean_conversion",
                    "render_input": "boolean_conversion",
                    "optional": true,
                    "type": "number",
                    "name": "court_ordered"
                  },
                  {
                    "control_type": "integer",
                    "label": "Times",
                    "parse_output": "integer_conversion",
                    "render_input": "integer_conversion",
                    "optional": true,
                    "type": "integer",
                    "name": "times"
                  },
                  {
                    "control_type": "checkbox",
                    "label": "Recurring",
                    "parse_output": "boolean_conversion",
                    "render_input": "boolean_conversion",
                    "optional": true,
                    "type": "number",
                    "name": "recurring"
                  },
                  {
                    "control_type": "text",
                    "label": "Annual maximum",
                    "optional": true,
                    "type": "string",
                    "name": "annual_maximum"
                  },
                  {
                    "control_type": "text",
                    "label": "Pay period maximum",
                    "optional": true,
                    "type": "string",
                    "name": "pay_period_maximum"
                  },
                  {
                    "control_type": "checkbox",
                    "label": "Deduct as percentage",
                    "parse_output": "boolean_conversion",
                    "render_input": "boolean_conversion",
                    "optional": true,
                    "type": "number",
                    "name": "deduct_as_percentage"
                  }
                ]
              },
              {
                "control_type": "checkbox",
                "label": "Onboarded",
                "parse_output": "boolean_conversion",
                "render_input": "boolean_conversion",
                "optional": true,
                "type": "number",
                "name": "onboarded"
              },
              {
                "name": "custom_fields",
                "type": "array",
                "of": "object",
                "label": "Custom fields",
                "optional": true,
                "properties": [
                  {
                    "control_type": "text",
                    "label": "ID",
                    "optional": false,
                    "type": "string",
                    "name": "id"
                  },
                  {
                    "control_type": "text",
                    "label": "Company custom field ID",
                    "optional": false,
                    "type": "string",
                    "name": "company_custom_field_id"
                  },
                  {
                    "control_type": "text",
                    "label": "Name",
                    "optional": false,
                    "type": "string",
                    "name": "name"
                  },
                  {
                    "control_type": "select",
                    "label": "Type",
                    "optional": false,
                    "pick_list": "custom_field_type_list",
                    "toggle_hint": "Select from list",
                    "toggle_field": {
                      "name": "type",
                      "label": "Type",
                      "optional": false,
                      "type": "string",
                      "control_type": "text",
                      "toggle_hint": "Use custom value",
                      "hint": "Allowed values are <b>text</b>, <b>currency</b>, <b>number</b>, <b>date</b>, <b>radio</b>."
                    },
                    "type": "string",
                    "name": "type"
                  },
                  {
                    "control_type": "text",
                    "label": "Description",
                    "optional": true,
                    "type": "string",
                    "name": "description"
                  },
                  {
                    "control_type": "text",
                    "label": "Value",
                    "optional": false,
                    "type": "string",
                    "name": "value"
                  },
                  {
                    "name": "selection_options",
                    "type": "array",
                    "of": "string",
                    "label": "Selection options",
                    "hint": "An array of options for fields of type radio. Otherwise, null.",
                    "optional": true
                  }
                ]
              }
            ],
            "type": "array"
          }
        ],
        "extended_input_schema": [
          {
            "control_type": "checkbox",
            "hint": "Returns all employees that have not been terminated if left blank.",
            "label": "Terminated",
            "name": "terminated",
            "optional": true,
            "sticky": "true",
            "toggle_field": {
              "name": "terminated",
              "type": "boolean",
              "label": "Terminated",
              "optional": true,
              "control_type": "text",
              "render_input": "boolean_conversion",
              "parse_output": "boolean_conversion",
              "toggle_hint": "Use custom value",
              "hint": "Allowed values are true or false"
            },
            "toggle_hint": "Select from list",
            "type": "number",
            "parse_output": "boolean_conversion",
            "render_input": "boolean_conversion"
          }
        ],
        "uuid": "6e8454cd-939d-4297-bf38-1457a9cb87ec"
      },
      {
        "number": 2,
        "provider": "workato_smart_list",
        "name": "create_list",
        "as": "2c6a1949",
        "title": null,
        "description": "Create <span class=\"provider\">employees</span> list in <span class=\"provider\">Collection</span>",
        "keyword": "action",
        "dynamicPickListSelection": {
          "primary_index": [
            {
              "label": "Employee ID",
              "value": "id"
            }
          ]
        },
        "toggleCfg": {
        },
        "input": {
          "list_source": "=_('data.gusto_connector_1208859_1678367701.5a0b3653.records')",
          "list_name": "employees",
          "primary_index": "id"
        },
        "extended_output_schema": [
          {
            "control_type": "text",
            "label": "employees",
            "name": "list_name",
            "type": "string"
          },
          {
            "label": "Columns",
            "name": "columns",
            "properties": [
              {
                "control_type": "text",
                "label": "Employee ID",
                "optional": true,
                "list_data_type": "integer",
                "type": "string",
                "name": "id"
              },
              {
                "control_type": "text",
                "label": "UUID",
                "optional": true,
                "list_data_type": "string",
                "type": "string",
                "name": "uuid"
              },
              {
                "control_type": "text",
                "label": "Version",
                "optional": true,
                "list_data_type": "string",
                "type": "string",
                "name": "version"
              },
              {
                "control_type": "text",
                "label": "Company ID",
                "optional": true,
                "list_data_type": "integer",
                "type": "string",
                "name": "company_id"
              },
              {
                "control_type": "text",
                "label": "First name",
                "optional": true,
                "list_data_type": "string",
                "type": "string",
                "name": "first_name"
              },
              {
                "control_type": "text",
                "label": "Middle initial",
                "optional": true,
                "list_data_type": "string",
                "type": "string",
                "name": "middle_initial"
              },
              {
                "control_type": "text",
                "label": "Last name",
                "optional": true,
                "list_data_type": "string",
                "type": "string",
                "name": "last_name"
              },
              {
                "control_type": "text",
                "label": "Company UUID",
                "optional": true,
                "list_data_type": "string",
                "type": "string",
                "name": "company_uuid"
              },
              {
                "control_type": "text",
                "label": "Manager ID",
                "optional": true,
                "list_data_type": "integer",
                "type": "string",
                "name": "manager_id"
              },
              {
                "control_type": "text",
                "label": "Manager UUID",
                "optional": true,
                "list_data_type": "string",
                "type": "string",
                "name": "manager_uuid"
              },
              {
                "control_type": "text",
                "label": "Department",
                "optional": true,
                "list_data_type": "string",
                "type": "string",
                "name": "department"
              },
              {
                "control_type": "text",
                "label": "Email",
                "optional": true,
                "list_data_type": "string",
                "type": "string",
                "name": "email"
              },
              {
                "control_type": "text",
                "label": "SSN",
                "optional": true,
                "list_data_type": "string",
                "type": "string",
                "name": "ssn"
              },
              {
                "control_type": "text",
                "label": "Has SSN",
                "optional": true,
                "list_data_type": "number",
                "type": "string",
                "name": "has_ssn"
              },
              {
                "control_type": "text",
                "label": "Phone",
                "optional": true,
                "list_data_type": "string",
                "type": "string",
                "name": "phone"
              },
              {
                "control_type": "text",
                "label": "Preferred first name",
                "optional": true,
                "list_data_type": "string",
                "type": "string",
                "name": "preferred_first_name"
              },
              {
                "control_type": "text",
                "label": "Work email",
                "optional": true,
                "list_data_type": "string",
                "type": "string",
                "name": "work_email"
              },
              {
                "control_type": "text",
                "label": "Current employment status",
                "optional": true,
                "list_data_type": "string",
                "type": "string",
                "name": "current_employment_status"
              },
              {
                "control_type": "text",
                "label": "Date of birth",
                "optional": true,
                "list_data_type": "date_time",
                "type": "string",
                "name": "date_of_birth"
              },
              {
                "control_type": "text",
                "label": "Terminated",
                "optional": true,
                "list_data_type": "number",
                "type": "string",
                "name": "terminated"
              },
              {
                "control_type": "text",
                "label": "Two percent shareholder",
                "optional": true,
                "list_data_type": "number",
                "type": "string",
                "name": "two_percent_shareholder"
              },
              {
                "control_type": "text",
                "label": "Jobs",
                "optional": true,
                "list_data_type": "string",
                "type": "string",
                "name": "jobs"
              },
              {
                "control_type": "text",
                "label": "Eligible paid time off",
                "optional": true,
                "list_data_type": "string",
                "type": "string",
                "name": "eligible_paid_time_off"
              },
              {
                "control_type": "text",
                "label": "Terminations",
                "optional": true,
                "list_data_type": "string",
                "type": "string",
                "name": "terminations"
              },
              {
                "control_type": "text",
                "label": "Home address",
                "optional": true,
                "list_data_type": "string",
                "type": "string",
                "name": "home_address"
              },
              {
                "control_type": "text",
                "label": "Garnishments",
                "optional": true,
                "list_data_type": "string",
                "type": "string",
                "name": "garnishments"
              },
              {
                "control_type": "text",
                "label": "Onboarded",
                "optional": true,
                "list_data_type": "number",
                "type": "string",
                "name": "onboarded"
              },
              {
                "control_type": "text",
                "label": "Custom fields",
                "optional": true,
                "list_data_type": "string",
                "type": "string",
                "name": "custom_fields"
              }
            ],
            "type": "object"
          },
          {
            "control_type": "number",
            "label": "Row count",
            "name": "row_count",
            "type": "integer",
            "parse_output": "integer_conversion"
          }
        ],
        "extended_input_schema": [
          {
            "control_type": "checkbox",
            "hint": "Select <b>Yes</b> to overwrite <b>employees</b> list if it already exists",
            "label": "Overwrite list?",
            "name": "force",
            "optional": true,
            "toggle_field": {
              "label": "Overwrite list?",
              "control_type": "text",
              "toggle_hint": "Use custom value",
              "hint": "Select <b>Yes</b> to overwrite <b>employees</b> list if it already exists",
              "optional": true,
              "type": "boolean",
              "name": "force"
            },
            "toggle_hint": "Select from option list",
            "type": "boolean",
            "parse_output": {
            },
            "render_input": {
            }
          },
          {
            "control_type": "multiselect",
            "delimiter": "\n",
            "hint": "Collections are like databases. Having index improves query performance. Select one or more fields from list source.",
            "label": "Primary index",
            "name": "primary_index",
            "ngIf": "input.create_table_if_not_exist != 'false'",
            "optional": true,
            "pick_list": [
              [
                "Employee ID",
                "id"
              ],
              [
                "UUID",
                "uuid"
              ],
              [
                "Version",
                "version"
              ],
              [
                "Company ID",
                "company_id"
              ],
              [
                "First name",
                "first_name"
              ],
              [
                "Middle initial",
                "middle_initial"
              ],
              [
                "Last name",
                "last_name"
              ],
              [
                "Company UUID",
                "company_uuid"
              ],
              [
                "Manager ID",
                "manager_id"
              ],
              [
                "Manager UUID",
                "manager_uuid"
              ],
              [
                "Department",
                "department"
              ],
              [
                "Email",
                "email"
              ],
              [
                "SSN",
                "ssn"
              ],
              [
                "Has SSN",
                "has_ssn"
              ],
              [
                "Phone",
                "phone"
              ],
              [
                "Preferred first name",
                "preferred_first_name"
              ],
              [
                "Work email",
                "work_email"
              ],
              [
                "Current employment status",
                "current_employment_status"
              ],
              [
                "Date of birth",
                "date_of_birth"
              ],
              [
                "Terminated",
                "terminated"
              ],
              [
                "Two percent shareholder",
                "two_percent_shareholder"
              ],
              [
                "Jobs",
                "jobs"
              ],
              [
                "Eligible paid time off",
                "eligible_paid_time_off"
              ],
              [
                "Terminations",
                "terminations"
              ],
              [
                "Home address",
                "home_address"
              ],
              [
                "Garnishments",
                "garnishments"
              ],
              [
                "Onboarded",
                "onboarded"
              ],
              [
                "Custom fields",
                "custom_fields"
              ]
            ],
            "sticky": true,
            "type": "string"
          },
          {
            "control_type": "multiselect",
            "delimiter": "\n",
            "hint": "Select one or more fields from list source.",
            "label": "Secondary index",
            "name": "secondary_index",
            "ngIf": "input.create_table_if_not_exist != 'false'",
            "optional": true,
            "pick_list": [
              [
                "Employee ID",
                "id"
              ],
              [
                "UUID",
                "uuid"
              ],
              [
                "Version",
                "version"
              ],
              [
                "Company ID",
                "company_id"
              ],
              [
                "First name",
                "first_name"
              ],
              [
                "Middle initial",
                "middle_initial"
              ],
              [
                "Last name",
                "last_name"
              ],
              [
                "Company UUID",
                "company_uuid"
              ],
              [
                "Manager ID",
                "manager_id"
              ],
              [
                "Manager UUID",
                "manager_uuid"
              ],
              [
                "Department",
                "department"
              ],
              [
                "Email",
                "email"
              ],
              [
                "SSN",
                "ssn"
              ],
              [
                "Has SSN",
                "has_ssn"
              ],
              [
                "Phone",
                "phone"
              ],
              [
                "Preferred first name",
                "preferred_first_name"
              ],
              [
                "Work email",
                "work_email"
              ],
              [
                "Current employment status",
                "current_employment_status"
              ],
              [
                "Date of birth",
                "date_of_birth"
              ],
              [
                "Terminated",
                "terminated"
              ],
              [
                "Two percent shareholder",
                "two_percent_shareholder"
              ],
              [
                "Jobs",
                "jobs"
              ],
              [
                "Eligible paid time off",
                "eligible_paid_time_off"
              ],
              [
                "Terminations",
                "terminations"
              ],
              [
                "Home address",
                "home_address"
              ],
              [
                "Garnishments",
                "garnishments"
              ],
              [
                "Onboarded",
                "onboarded"
              ],
              [
                "Custom fields",
                "custom_fields"
              ]
            ],
            "type": "string"
          }
        ],
        "uuid": "c0666476-6296-4e2d-b4e1-96e94253913a"
      },
      {
        "number": 3,
        "provider": "workato_smart_list",
        "name": "query_list",
        "as": "2c5b8ff9",
        "title": null,
        "description": null,
        "keyword": "action",
        "dynamicPickListSelection": {
        },
        "toggleCfg": {
          "csv": true
        },
        "input": {
          "output_schema_by": "index",
          "csv": "false",
          "headers": "false",
          "col_sep": "comma",
          "sql": "select (first_name || ' ' || last_name) as full_name,\nid,\nemail,\ndepartment,\nmanager_id\nfrom employees;",
          "result_schema_json": "[{\"control_type\":\"text\",\"label\":\"Name\",\"name\":\"name\",\"type\":\"string\",\"optional\":false},{\"control_type\":\"text\",\"label\":\"Employee ID\",\"name\":\"employee_id\",\"type\":\"string\",\"optional\":false},{\"control_type\":\"text\",\"label\":\"Email\",\"name\":\"email\",\"type\":\"string\",\"optional\":false},{\"control_type\":\"text\",\"label\":\"Title\",\"name\":\"department\",\"type\":\"string\",\"optional\":false},{\"control_type\":\"text\",\"label\":\"Manager ID\",\"name\":\"manager_id\",\"type\":\"string\",\"optional\":false}]"
        },
        "extended_output_schema": [
          {
            "label": "Rows",
            "name": "rows",
            "of": "object",
            "properties": [
              {
                "control_type": "text",
                "label": "Name",
                "name": "name",
                "type": "string",
                "optional": false
              },
              {
                "control_type": "text",
                "label": "Employee ID",
                "name": "employee_id",
                "type": "string",
                "optional": false
              },
              {
                "control_type": "text",
                "label": "Email",
                "name": "email",
                "type": "string",
                "optional": false
              },
              {
                "control_type": "text",
                "label": "Title",
                "name": "department",
                "type": "string",
                "optional": false
              },
              {
                "control_type": "text",
                "label": "Manager ID",
                "name": "manager_id",
                "type": "string",
                "optional": false
              }
            ],
            "type": "array"
          }
        ],
        "uuid": "6fdbfdba-dc41-425e-8dd2-0fe6c78fc90d"
      },
      {
        "number": 4,
        "provider": "lookup_table",
        "name": "add_batch_of_entries",
        "as": "826154da",
        "title": null,
        "description": "\n      Add\n      <span class=\"provider\">entries</span>\n      to\n      <span class=\"provider\">GustoEmployee</span>\n      lookup table\n    ",
        "keyword": "action",
        "dynamicPickListSelection": {
          "lookup_table_id": "GustoEmployee"
        },
        "toggleCfg": {
        },
        "input": {
          "lookup_table_id": {
            "zip_name": "gustoemployee.lookup_table.json",
            "name": "GustoEmployee",
            "folder": ""
          },
          "entries": {
            "____source": "#{_('data.workato_smart_list.2c5b8ff9.rows')}",
            "parameters": {
              "col1": "#{_('data.workato_smart_list.2c5b8ff9.rows.first.name')}",
              "col2": "#{_('data.workato_smart_list.2c5b8ff9.rows.first.employee_id')}",
              "col3": "#{_('data.workato_smart_list.2c5b8ff9.rows.first.email')}",
              "col4": "#{_('data.workato_smart_list.2c5b8ff9.rows.first.department')}",
              "col5": "#{_('data.workato_smart_list.2c5b8ff9.rows.first.manager_id')}"
            }
          }
        },
        "extended_input_schema": [
          {
            "hint": "Provide an array of entries",
            "label": "Entries",
            "name": "entries",
            "of": "object",
            "properties": [
              {
                "properties": [
                  {
                    "control_type": "text",
                    "label": "name",
                    "name": "col1",
                    "type": "string",
                    "sticky": true,
                    "optional": true
                  },
                  {
                    "control_type": "text",
                    "label": "employee_id",
                    "name": "col2",
                    "type": "string",
                    "sticky": true,
                    "optional": true
                  },
                  {
                    "control_type": "text",
                    "label": "email",
                    "name": "col3",
                    "type": "string",
                    "sticky": true,
                    "optional": true
                  },
                  {
                    "control_type": "text",
                    "label": "department",
                    "name": "col4",
                    "type": "string",
                    "sticky": true,
                    "optional": true
                  },
                  {
                    "control_type": "text",
                    "label": "manager_id",
                    "name": "col5",
                    "type": "string",
                    "sticky": true,
                    "optional": true
                  }
                ],
                "label": "Entry fields",
                "hint": "Fill the fields for the new entry",
                "type": "object",
                "name": "parameters"
              }
            ],
            "type": "array"
          }
        ],
        "uuid": "c62d5cc7-e5f0-471b-a035-8babff9f5b2b",
        "skip": false
      },
      {
        "number": 5,
        "provider": "workato_smart_list",
        "name": "query_list",
        "as": "a5f7a65a",
        "title": null,
        "description": null,
        "keyword": "action",
        "dynamicPickListSelection": {
        },
        "toggleCfg": {
          "csv": true
        },
        "input": {
          "output_schema_by": "index",
          "csv": "false",
          "headers": "false",
          "col_sep": "comma",
          "sql": "select (first_name || last_name) as full_name\nfrom employees where email is NULL;",
          "result_schema_json": "[{\"control_type\":\"text\",\"label\":\"Name\",\"name\":\"full_name\",\"type\":\"string\",\"optional\":false}]"
        },
        "extended_output_schema": [
          {
            "label": "Rows",
            "name": "rows",
            "of": "object",
            "properties": [
              {
                "control_type": "text",
                "label": "Name",
                "name": "full_name",
                "type": "string",
                "optional": false
              }
            ],
            "type": "array"
          }
        ],
        "uuid": "536343f5-e557-4252-ac96-3ac20f993d5e",
        "skip": false
      },
      {
        "number": 6,
        "keyword": "if",
        "dynamicPickListSelection": {
        },
        "toggleCfg": {
        },
        "input": {
          "type": "compound",
          "operand": "and",
          "conditions": [
            {
              "operand": "greater_than",
              "lhs": "#{_('data.workato_smart_list.a5f7a65a.rows.first.____Size', 'list_meta', '____Size', 'data.workato_smart_list.a5f7a65a.rows')}",
              "rhs": "0",
              "uuid": "condition-af71f29b-1a4b-4442-98d8-acbceb163e1f"
            }
          ]
        },
        "block": [
          {
            "number": 7,
            "provider": "csv_parser",
            "name": "create_csv_lines",
            "as": "2764116d",
            "title": null,
            "description": null,
            "keyword": "action",
            "dynamicPickListSelection": {
            },
            "toggleCfg": {
              "create_header_line": true,
              "force_quotes": true
            },
            "input": {
              "create_header_line": "true",
              "column_separator": ",",
              "force_quotes": "false",
              "column_labels": "full_name",
              "lines": {
                "____source": "#{_('data.workato_smart_list.a5f7a65a.rows')}",
                "column_0": "#{_('data.workato_smart_list.a5f7a65a.rows.first.full_name')}"
              }
            },
            "extended_input_schema": [
              {
                "hint": "Provide field mappings for the CSV data below.",
                "label": "CSV data lines",
                "name": "lines",
                "of": "object",
                "properties": [
                  {
                    "control_type": "text",
                    "label": "full_name",
                    "optional": true,
                    "sticky": true,
                    "type": "string",
                    "name": "column_0"
                  }
                ],
                "type": "array"
              }
            ],
            "uuid": "17cb631e-4b9b-428c-ad73-02a020992574"
          },
          {
            "number": 8,
            "provider": "sendgrid",
            "name": "send_email",
            "as": "bdbbe807",
            "keyword": "action",
            "dynamicPickListSelection": {
            },
            "toggleCfg": {
            },
            "input": {
              "personalizations": {
                "to": [
                  {
                    "email": "ashwin.t@fyle.in"
                  }
                ]
              },
              "from": {
                "email": "notifications-staging@fylehq.com"
              },
              "reply_to": {
                "email": "test"
              },
              "subject": "Error while importing employees from Gusto to Fyle.",
              "content": {
                "type": "text/plain",
                "value": "=\"Hello,\nThe integration failed to import \" +\n_('data.workato_smart_list.2c5b8ff9.rows.first.____Size', 'list_meta', '____Size', 'data.workato_smart_list.2c5b8ff9.rows')+ \" employees from Gusto to Fyle because of the lack of email addresses.\nWe have attached the list of these employees below for your reference.\nEmail address is mandatory for an employee record to be created in Fyle.\nCould you kindly add an email address for these employees?\nOnce done, in the next sync, the integration will automatically pick up these records from Bamboo HR and create employees in Fyle.\nNote: This is an auto-generated email, do not respond to this email. If you have any questions, please reach out to support@fylehq.com\""
              }
            },
            "uuid": "5bed3423-c614-4258-8480-a5ea88803812"
          }
        ],
        "uuid": "21d822a1-6b80-43b0-a4c7-0ba7c011bd2b"
      },
      {
        "number": 9,
        "provider": "fyle_connector_1208859_1678367701",
        "name": "create_employees_in_fyle",
        "as": "712eae6b",
        "keyword": "action",
        "dynamicPickListSelection": {
        },
        "toggleCfg": {
        },
        "input": {
          "data": {
            "____source": "#{_('data.workato_smart_list.2c5b8ff9.rows')}",
            "user_full_name": "#{_('data.workato_smart_list.2c5b8ff9.rows.first.name')}",
            "user_id": "#{_('data.workato_smart_list.2c5b8ff9.rows.first.employee_id')}",
            "user_email": "#{_('data.workato_smart_list.2c5b8ff9.rows.first.email')}",
            "title": "#{_('data.workato_smart_list.2c5b8ff9.rows.first.department')}",
            "manager_id": "#{_('data.workato_smart_list.2c5b8ff9.rows.first.manager_id')}"
          }
        },
        "uuid": "1dfc81f0-17fc-4f25-8a12-6714a3f01301"
      },
      {
        "number": 10,
        "provider": "lookup_table",
        "name": "truncate",
        "as": "19069c0e",
        "title": null,
        "description": "\n      Truncate\n      <span class=\"provider\">all entries</span>\n      from\n      <span class=\"provider\">GustoEmployee</span>\n      lookup table\n    ",
        "keyword": "action",
        "dynamicPickListSelection": {
          "lookup_table_id": "GustoEmployee"
        },
        "toggleCfg": {
        },
        "input": {
          "lookup_table_id": {
            "zip_name": "gustoemployee.lookup_table.json",
            "name": "GustoEmployee",
            "folder": ""
          }
        },
        "uuid": "8022d91c-300f-44e9-9faf-11b78ec586a6"
      }
    ],
    "uuid": "6a10db4c-418a-49ee-939d-bfbd9b0dec61"
  },
  "config": [
    {
      "keyword": "application",
      "provider": "gusto_connector_1208859_1678367701",
      "skip_validation": false,
      "account_id": {
        "zip_name": "my_gusto_account.connection.json",
        "name": "My Gusto account",
        "folder": "",
        "custom": true
      }
    },
    {
      "keyword": "application",
      "provider": "workato_smart_list",
      "skip_validation": false,
      "account_id": null
    },
    {
      "keyword": "application",
      "provider": "lookup_table",
      "skip_validation": false,
      "account_id": null
    },
    {
      "keyword": "application",
      "provider": "clock",
      "skip_validation": false,
      "account_id": null
    },
    {
      "keyword": "application",
      "provider": "sendgrid",
      "skip_validation": false,
      "account_id": {
        "zip_name": "my_sendgrid_account.connection.json",
        "name": "My SendGrid account",
        "folder": ""
      }
    },
    {
      "keyword": "application",
      "provider": "csv_parser",
      "skip_validation": false,
      "account_id": null
    },
    {
      "keyword": "application",
      "provider": "fyle_connector_1208859_1678367701",
      "skip_validation": false,
      "account_id": {
        "zip_name": "fyle_connection.connection.json",
        "name": "Fyle Connection",
        "folder": "",
        "custom": true
      }
    }
  ]
}