{
  "name": "TravelPerk <> Fyle Integration",
  "description": "When there is a new event via HTTP webhook, do action",
  "version": 21,
  "private": true,
  "concurrency": 1,
  "code": {
    "number": 0,
    "provider": "travel_perk_connector_564885_1661443229",
    "name": "invoice_created",
    "as": "e1f4ed34",
    "title": null,
    "description": "New <span class=\"provider\">Invoice Issued</span> in <span class=\"provider\">Travelperk</span>",
    "keyword": "trigger",
    "dynamicPickListSelection": {
    },
    "toggleCfg": {
    },
    "input": {
      "secret": "secret 2"
    },
    "extended_output_schema": [
      {
        "control_type": "text",
        "label": "Serial number",
        "name": "serial_number",
        "optional": true,
        "type": "string"
      },
      {
        "control_type": "text",
        "label": "Profile ID",
        "name": "profile_id",
        "optional": true,
        "type": "string"
      },
      {
        "control_type": "text",
        "label": "Profile name",
        "name": "profile_name",
        "optional": true,
        "type": "string"
      },
      {
        "label": "Billing information",
        "name": "billing_information",
        "optional": true,
        "properties": [
          {
            "control_type": "text",
            "label": "Legal name",
            "optional": true,
            "type": "string",
            "name": "legal_name"
          },
          {
            "control_type": "text",
            "label": "Vat number",
            "optional": true,
            "type": "string",
            "name": "vat_number"
          },
          {
            "control_type": "text",
            "label": "Address line 1",
            "optional": true,
            "type": "string",
            "name": "address_line_1"
          },
          {
            "control_type": "text",
            "label": "Address line 2",
            "optional": true,
            "type": "string",
            "name": "address_line_2"
          },
          {
            "control_type": "text",
            "label": "City",
            "optional": true,
            "type": "string",
            "name": "city"
          },
          {
            "control_type": "text",
            "label": "Postal code",
            "optional": true,
            "type": "string",
            "name": "postal_code"
          },
          {
            "control_type": "text",
            "label": "Country name",
            "optional": true,
            "type": "string",
            "name": "country_name"
          }
        ],
        "type": "object"
      },
      {
        "control_type": "text",
        "label": "Mode",
        "name": "mode",
        "optional": true,
        "type": "string"
      },
      {
        "control_type": "text",
        "label": "Status",
        "name": "status",
        "optional": true,
        "type": "string"
      },
      {
        "control_type": "text",
        "label": "Issuing date",
        "name": "issuing_date",
        "optional": true,
        "type": "string"
      },
      {
        "control_type": "text",
        "label": "Billing period",
        "name": "billing_period",
        "optional": true,
        "type": "string"
      },
      {
        "control_type": "text",
        "label": "From date",
        "name": "from_date",
        "optional": true,
        "type": "string"
      },
      {
        "control_type": "text",
        "label": "To date",
        "name": "to_date",
        "optional": true,
        "type": "string"
      },
      {
        "control_type": "text",
        "label": "Due date",
        "name": "due_date",
        "optional": true,
        "type": "string"
      },
      {
        "control_type": "text",
        "label": "Currency",
        "name": "currency",
        "optional": true,
        "type": "string"
      },
      {
        "control_type": "text",
        "label": "Total",
        "name": "total",
        "optional": true,
        "type": "string"
      },
      {
        "label": "Taxes summary",
        "name": "taxes_summary",
        "of": "object",
        "optional": true,
        "properties": [
          {
            "control_type": "text",
            "label": "Tax regime",
            "optional": true,
            "type": "string",
            "name": "tax_regime"
          },
          {
            "control_type": "text",
            "label": "Subtotal",
            "optional": true,
            "type": "string",
            "name": "subtotal"
          },
          {
            "control_type": "text",
            "label": "Tax percentage",
            "optional": true,
            "type": "string",
            "name": "tax_percentage"
          },
          {
            "control_type": "text",
            "label": "Tax amount",
            "optional": true,
            "type": "string",
            "name": "tax_amount"
          },
          {
            "control_type": "text",
            "label": "Total",
            "optional": true,
            "type": "string",
            "name": "total"
          }
        ],
        "type": "array"
      },
      {
        "control_type": "text",
        "label": "Reference",
        "name": "reference",
        "optional": true,
        "type": "string"
      },
      {
        "control_type": "text",
        "label": "Travelperk bank account",
        "name": "travelperk_bank_account",
        "optional": true,
        "type": "string"
      },
      {
        "control_type": "text",
        "label": "Pdf",
        "name": "pdf",
        "optional": true,
        "type": "string"
      },
      {
        "label": "Lines",
        "name": "lines",
        "of": "object",
        "optional": true,
        "properties": [
          {
            "control_type": "text",
            "label": "ID",
            "optional": true,
            "type": "string",
            "name": "id"
          },
          {
            "control_type": "text",
            "label": "Expense date",
            "optional": true,
            "type": "string",
            "name": "expense_date"
          },
          {
            "control_type": "text",
            "label": "Description",
            "optional": true,
            "type": "string",
            "name": "description"
          },
          {
            "control_type": "number",
            "label": "Quantity",
            "parse_output": "float_conversion",
            "optional": true,
            "type": "number",
            "name": "quantity"
          },
          {
            "control_type": "text",
            "label": "Unit price",
            "optional": true,
            "type": "string",
            "name": "unit_price"
          },
          {
            "control_type": "text",
            "label": "Non taxable unit price",
            "optional": true,
            "type": "string",
            "name": "non_taxable_unit_price"
          },
          {
            "control_type": "text",
            "label": "Tax percentage",
            "optional": true,
            "type": "string",
            "name": "tax_percentage"
          },
          {
            "control_type": "text",
            "label": "Tax amount",
            "optional": true,
            "type": "string",
            "name": "tax_amount"
          },
          {
            "control_type": "text",
            "label": "Tax regime",
            "optional": true,
            "type": "string",
            "name": "tax_regime"
          },
          {
            "control_type": "text",
            "label": "Total amount",
            "optional": true,
            "type": "string",
            "name": "total_amount"
          },
          {
            "properties": [
              {
                "control_type": "number",
                "label": "Trip ID",
                "parse_output": "float_conversion",
                "optional": true,
                "type": "number",
                "name": "trip_id"
              },
              {
                "control_type": "text",
                "label": "Trip name",
                "optional": true,
                "type": "string",
                "name": "trip_name"
              },
              {
                "control_type": "text",
                "label": "Service",
                "optional": true,
                "type": "string",
                "name": "service"
              },
              {
                "name": "travelers",
                "type": "array",
                "of": "object",
                "label": "Travelers",
                "optional": true,
                "properties": [
                  {
                    "control_type": "text",
                    "label": "Name",
                    "optional": true,
                    "type": "string",
                    "name": "name"
                  },
                  {
                    "control_type": "text",
                    "label": "Email",
                    "optional": true,
                    "type": "string",
                    "name": "email"
                  },
                  {
                    "control_type": "text",
                    "label": "External ID",
                    "optional": true,
                    "type": "string",
                    "name": "external_id"
                  }
                ]
              },
              {
                "properties": [
                  {
                    "control_type": "text",
                    "label": "Name",
                    "optional": true,
                    "type": "string",
                    "name": "name"
                  },
                  {
                    "control_type": "text",
                    "label": "Email",
                    "optional": true,
                    "type": "string",
                    "name": "email"
                  },
                  {
                    "control_type": "text",
                    "label": "External ID",
                    "optional": true,
                    "type": "string",
                    "name": "external_id"
                  }
                ],
                "label": "Booker",
                "optional": true,
                "type": "object",
                "name": "booker"
              },
              {
                "control_type": "text",
                "label": "Start date",
                "optional": true,
                "type": "string",
                "name": "start_date"
              },
              {
                "control_type": "text",
                "label": "End date",
                "optional": true,
                "type": "string",
                "name": "end_date"
              },
              {
                "control_type": "text",
                "label": "Cost center",
                "optional": true,
                "type": "string",
                "name": "cost_center"
              },
              {
                "properties": [
                  {
                    "control_type": "text",
                    "label": "Code",
                    "optional": true,
                    "type": "string",
                    "name": "code"
                  },
                  {
                    "control_type": "text",
                    "label": "Name",
                    "optional": true,
                    "type": "string",
                    "name": "name"
                  }
                ],
                "label": "Vendor",
                "optional": true,
                "type": "object",
                "name": "vendor"
              },
              {
                "control_type": "text",
                "label": "Out of policy",
                "parse_output": {
                },
                "render_input": {
                },
                "toggle_hint": "Select from option list",
                "toggle_field": {
                  "label": "Out of policy",
                  "control_type": "text",
                  "toggle_hint": "Use custom value",
                  "type": "boolean",
                  "name": "out_of_policy"
                },
                "optional": true,
                "type": "number",
                "name": "out_of_policy"
              },
              {
                "properties": [
                  {
                    "properties": [
                      {
                        "control_type": "text",
                        "label": "City",
                        "optional": true,
                        "type": "string",
                        "name": "city"
                      },
                      {
                        "control_type": "text",
                        "label": "Country",
                        "optional": true,
                        "type": "string",
                        "name": "country"
                      },
                      {
                        "control_type": "text",
                        "label": "Latitude",
                        "optional": true,
                        "type": "string",
                        "name": "latitude"
                      },
                      {
                        "control_type": "text",
                        "label": "Longitude",
                        "optional": true,
                        "type": "string",
                        "name": "longitude"
                      },
                      {
                        "control_type": "text",
                        "label": "Country code",
                        "optional": true,
                        "type": "string",
                        "name": "country_code"
                      }
                    ],
                    "label": "Hotel location",
                    "optional": true,
                    "type": "object",
                    "name": "hotel_location"
                  }
                ],
                "label": "Service location",
                "optional": true,
                "type": "object",
                "name": "service_location"
              },
              {
                "control_type": "text",
                "label": "Include breakfast",
                "parse_output": {
                },
                "render_input": {
                },
                "toggle_hint": "Select from option list",
                "toggle_field": {
                  "label": "Include breakfast",
                  "control_type": "text",
                  "toggle_hint": "Use custom value",
                  "type": "boolean",
                  "name": "include_breakfast"
                },
                "optional": true,
                "type": "number",
                "name": "include_breakfast"
              },
              {
                "control_type": "text",
                "label": "Credit card last 4 digits",
                "optional": true,
                "type": "string",
                "name": "credit_card_last_4_digits"
              }
            ],
            "label": "Metadata",
            "optional": true,
            "type": "object",
            "name": "metadata"
          }
        ],
        "type": "array"
      }
    ],
    "block": [
      {
        "number": 1,
        "provider": "travel_perk_connector_564885_1661443229",
        "name": "flatten_travelperk_lines",
        "as": "9786f821",
        "title": null,
        "description": null,
        "keyword": "action",
        "dynamicPickListSelection": {
        },
        "toggleCfg": {
        },
        "input": {
          "lines": {
            "____source": "#{_('data.travel_perk_connector_564885_1661443229.e1f4ed34.lines')}",
            "id": "#{_('data.travel_perk_connector_564885_1661443229.e1f4ed34.lines.first.id')}",
            "expense_date": "#{_('data.travel_perk_connector_564885_1661443229.e1f4ed34.lines.first.expense_date')}",
            "description": "#{_('data.travel_perk_connector_564885_1661443229.e1f4ed34.lines.first.description')}",
            "quantity": "#{_('data.travel_perk_connector_564885_1661443229.e1f4ed34.lines.first.quantity')}",
            "unit_price": "#{_('data.travel_perk_connector_564885_1661443229.e1f4ed34.lines.first.unit_price')}",
            "non_taxable_unit_price": "#{_('data.travel_perk_connector_564885_1661443229.e1f4ed34.lines.first.non_taxable_unit_price')}",
            "tax_percentage": "#{_('data.travel_perk_connector_564885_1661443229.e1f4ed34.lines.first.tax_percentage')}",
            "tax_amount": "#{_('data.travel_perk_connector_564885_1661443229.e1f4ed34.lines.first.tax_amount')}",
            "tax_regime": "#{_('data.travel_perk_connector_564885_1661443229.e1f4ed34.lines.first.tax_regime')}",
            "total_amount": "#{_('data.travel_perk_connector_564885_1661443229.e1f4ed34.lines.first.total_amount')}",
            "metadata": {
              "trip_id": "#{_('data.travel_perk_connector_564885_1661443229.e1f4ed34.lines.first.metadata.trip_id')}",
              "trip_name": "#{_('data.travel_perk_connector_564885_1661443229.e1f4ed34.lines.first.metadata.trip_name')}",
              "service": "#{_('data.travel_perk_connector_564885_1661443229.e1f4ed34.lines.first.metadata.service')}",
              "travelers": {
                "name": "#{_('data.travel_perk_connector_564885_1661443229.e1f4ed34.lines.first.metadata.travelers.first.name')}",
                "email": "#{_('data.travel_perk_connector_564885_1661443229.e1f4ed34.lines.first.metadata.travelers.first.email')}",
                "external_id": "#{_('data.travel_perk_connector_564885_1661443229.e1f4ed34.lines.first.metadata.travelers.first.external_id')}"
              },
              "booker": {
                "name": "#{_('data.travel_perk_connector_564885_1661443229.e1f4ed34.lines.first.metadata.booker.name')}",
                "email": "#{_('data.travel_perk_connector_564885_1661443229.e1f4ed34.lines.first.metadata.travelers.first.email')}",
                "external_id": "#{_('data.travel_perk_connector_564885_1661443229.e1f4ed34.lines.first.metadata.travelers.first.external_id')}"
              },
              "start_date": "#{_('data.travel_perk_connector_564885_1661443229.e1f4ed34.lines.first.metadata.start_date')}",
              "end_date": "#{_('data.travel_perk_connector_564885_1661443229.e1f4ed34.lines.first.metadata.end_date')}",
              "cost_center": "#{_('data.travel_perk_connector_564885_1661443229.e1f4ed34.lines.first.metadata.cost_center')}",
              "vendor": {
                "code": "#{_('data.travel_perk_connector_564885_1661443229.e1f4ed34.lines.first.metadata.vendor.code')}",
                "name": "#{_('data.travel_perk_connector_564885_1661443229.e1f4ed34.lines.first.metadata.vendor.name')}"
              },
              "credit_card_last_4_digits": "#{_('data.travel_perk_connector_564885_1661443229.e1f4ed34.lines.first.metadata.credit_card_last_4_digits')}"
            }
          },
          "serial_number": "#{_('data.travel_perk_connector_564885_1661443229.e1f4ed34.serial_number')}",
          "profile_id": "#{_('data.travel_perk_connector_564885_1661443229.e1f4ed34.profile_id')}",
          "profile_name": "#{_('data.travel_perk_connector_564885_1661443229.e1f4ed34.profile_name')}",
          "billing_information": {
            "legal_name": "#{_('data.travel_perk_connector_564885_1661443229.e1f4ed34.billing_information.legal_name')}",
            "vat_number": "#{_('data.travel_perk_connector_564885_1661443229.e1f4ed34.billing_information.vat_number')}",
            "address_line_1": "#{_('data.travel_perk_connector_564885_1661443229.e1f4ed34.billing_information.address_line_1')}",
            "address_line_2": "#{_('data.travel_perk_connector_564885_1661443229.e1f4ed34.billing_information.address_line_2')}",
            "city": "#{_('data.travel_perk_connector_564885_1661443229.e1f4ed34.billing_information.city')}",
            "postal_code": "#{_('data.travel_perk_connector_564885_1661443229.e1f4ed34.billing_information.postal_code')}",
            "country_name": "#{_('data.travel_perk_connector_564885_1661443229.e1f4ed34.billing_information.country_name')}"
          },
          "mode": "#{_('data.travel_perk_connector_564885_1661443229.e1f4ed34.mode')}",
          "status": "#{_('data.travel_perk_connector_564885_1661443229.e1f4ed34.status')}",
          "issuing_date": "#{_('data.travel_perk_connector_564885_1661443229.e1f4ed34.issuing_date')}",
          "billing_period": "#{_('data.travel_perk_connector_564885_1661443229.e1f4ed34.billing_period')}",
          "from_date": "#{_('data.travel_perk_connector_564885_1661443229.e1f4ed34.from_date')}",
          "to_date": "#{_('data.travel_perk_connector_564885_1661443229.e1f4ed34.to_date')}",
          "due_date": "#{_('data.travel_perk_connector_564885_1661443229.e1f4ed34.due_date')}",
          "currency": "#{_('data.travel_perk_connector_564885_1661443229.e1f4ed34.currency')}",
          "total": "#{_('data.travel_perk_connector_564885_1661443229.e1f4ed34.total')}",
          "taxes_summary": {
            "____source": "#{_('data.travel_perk_connector_564885_1661443229.e1f4ed34.taxes_summary')}",
            "tax_regime": "#{_('data.travel_perk_connector_564885_1661443229.e1f4ed34.taxes_summary.first.tax_regime')}",
            "subtotal": "#{_('data.travel_perk_connector_564885_1661443229.e1f4ed34.taxes_summary.first.subtotal')}",
            "tax_percentage": "#{_('data.travel_perk_connector_564885_1661443229.e1f4ed34.taxes_summary.first.tax_percentage')}",
            "tax_amount": "#{_('data.travel_perk_connector_564885_1661443229.e1f4ed34.taxes_summary.first.tax_amount')}",
            "total": "#{_('data.travel_perk_connector_564885_1661443229.e1f4ed34.taxes_summary.first.total')}"
          },
          "reference": "#{_('data.travel_perk_connector_564885_1661443229.e1f4ed34.reference')}",
          "travelperk_bank_account": "#{_('data.travel_perk_connector_564885_1661443229.e1f4ed34.travelperk_bank_account')}",
          "pdf": "#{_('data.travel_perk_connector_564885_1661443229.e1f4ed34.pdf')}"
        },
        "extended_output_schema": [
          {
            "label": "Data",
            "name": "data",
            "of": "object",
            "optional": true,
            "properties": [
              {
                "control_type": "text",
                "label": "ID",
                "optional": true,
                "type": "string",
                "name": "id"
              },
              {
                "control_type": "text",
                "label": "Invoice Serial Number",
                "optional": true,
                "type": "string",
                "name": "invoice_serial_number"
              },
              {
                "control_type": "text",
                "label": "Expense Date",
                "render_input": "date_time_conversion",
                "parse_output": "date_time_conversion",
                "optional": true,
                "type": "date_time",
                "name": "expense_date"
              },
              {
                "control_type": "text",
                "label": "Description",
                "optional": true,
                "type": "string",
                "name": "description"
              },
              {
                "control_type": "number",
                "label": "Total Amount",
                "parse_output": "float_conversion",
                "optional": true,
                "type": "number",
                "name": "total_amount"
              },
              {
                "control_type": "text",
                "label": "Booker",
                "optional": true,
                "type": "string",
                "name": "booker"
              },
              {
                "control_type": "text",
                "label": "CostCenter",
                "optional": true,
                "type": "string",
                "name": "cost_center"
              },
              {
                "control_type": "text",
                "label": "Vendor",
                "optional": true,
                "type": "string",
                "name": "vendor"
              },
              {
                "control_type": "text",
                "label": "Currency",
                "optional": true,
                "type": "string",
                "name": "currency"
              },
              {
                "control_type": "text",
                "label": "Category",
                "optional": true,
                "type": "string",
                "name": "category"
              }
            ],
            "type": "array"
          }
        ],
        "extended_input_schema": [
          {
            "control_type": "text",
            "label": "Serial number",
            "name": "serial_number",
            "optional": true,
            "type": "string"
          },
          {
            "control_type": "text",
            "label": "Profile ID",
            "name": "profile_id",
            "optional": true,
            "type": "string"
          },
          {
            "control_type": "text",
            "label": "Profile name",
            "name": "profile_name",
            "optional": true,
            "type": "string"
          },
          {
            "label": "Billing information",
            "name": "billing_information",
            "optional": true,
            "properties": [
              {
                "control_type": "text",
                "label": "Legal name",
                "optional": true,
                "type": "string",
                "name": "legal_name"
              },
              {
                "control_type": "text",
                "label": "Vat number",
                "optional": true,
                "type": "string",
                "name": "vat_number"
              },
              {
                "control_type": "text",
                "label": "Address line 1",
                "optional": true,
                "type": "string",
                "name": "address_line_1"
              },
              {
                "control_type": "text",
                "label": "Address line 2",
                "optional": true,
                "type": "string",
                "name": "address_line_2"
              },
              {
                "control_type": "text",
                "label": "City",
                "optional": true,
                "type": "string",
                "name": "city"
              },
              {
                "control_type": "text",
                "label": "Postal code",
                "optional": true,
                "type": "string",
                "name": "postal_code"
              },
              {
                "control_type": "text",
                "label": "Country name",
                "optional": true,
                "type": "string",
                "name": "country_name"
              }
            ],
            "type": "object"
          },
          {
            "control_type": "text",
            "label": "Mode",
            "name": "mode",
            "optional": true,
            "type": "string"
          },
          {
            "control_type": "text",
            "label": "Status",
            "name": "status",
            "optional": true,
            "type": "string"
          },
          {
            "control_type": "text",
            "label": "Issuing date",
            "name": "issuing_date",
            "optional": true,
            "type": "string"
          },
          {
            "control_type": "text",
            "label": "Billing period",
            "name": "billing_period",
            "optional": true,
            "type": "string"
          },
          {
            "control_type": "text",
            "label": "From date",
            "name": "from_date",
            "optional": true,
            "type": "string"
          },
          {
            "control_type": "text",
            "label": "To date",
            "name": "to_date",
            "optional": true,
            "type": "string"
          },
          {
            "control_type": "text",
            "label": "Due date",
            "name": "due_date",
            "optional": true,
            "type": "string"
          },
          {
            "control_type": "text",
            "label": "Currency",
            "name": "currency",
            "optional": true,
            "type": "string"
          },
          {
            "control_type": "text",
            "label": "Total",
            "name": "total",
            "optional": true,
            "type": "string"
          },
          {
            "label": "Taxes summary",
            "name": "taxes_summary",
            "of": "object",
            "optional": true,
            "properties": [
              {
                "control_type": "text",
                "label": "Tax regime",
                "optional": true,
                "type": "string",
                "name": "tax_regime"
              },
              {
                "control_type": "text",
                "label": "Subtotal",
                "optional": true,
                "type": "string",
                "name": "subtotal"
              },
              {
                "control_type": "text",
                "label": "Tax percentage",
                "optional": true,
                "type": "string",
                "name": "tax_percentage"
              },
              {
                "control_type": "text",
                "label": "Tax amount",
                "optional": true,
                "type": "string",
                "name": "tax_amount"
              },
              {
                "control_type": "text",
                "label": "Total",
                "optional": true,
                "type": "string",
                "name": "total"
              }
            ],
            "type": "array"
          },
          {
            "control_type": "text",
            "label": "Reference",
            "name": "reference",
            "optional": true,
            "type": "string"
          },
          {
            "control_type": "text",
            "label": "Travelperk bank account",
            "name": "travelperk_bank_account",
            "optional": true,
            "type": "string"
          },
          {
            "control_type": "text",
            "label": "Pdf",
            "name": "pdf",
            "optional": true,
            "type": "string"
          },
          {
            "label": "Lines",
            "name": "lines",
            "of": "object",
            "optional": true,
            "properties": [
              {
                "control_type": "text",
                "label": "ID",
                "optional": true,
                "type": "string",
                "name": "id"
              },
              {
                "control_type": "text",
                "label": "Expense date",
                "optional": true,
                "type": "string",
                "name": "expense_date"
              },
              {
                "control_type": "text",
                "label": "Description",
                "optional": true,
                "type": "string",
                "name": "description"
              },
              {
                "control_type": "number",
                "label": "Quantity",
                "parse_output": "float_conversion",
                "optional": true,
                "type": "number",
                "name": "quantity"
              },
              {
                "control_type": "text",
                "label": "Unit price",
                "optional": true,
                "type": "string",
                "name": "unit_price"
              },
              {
                "control_type": "text",
                "label": "Non taxable unit price",
                "optional": true,
                "type": "string",
                "name": "non_taxable_unit_price"
              },
              {
                "control_type": "text",
                "label": "Tax percentage",
                "optional": true,
                "type": "string",
                "name": "tax_percentage"
              },
              {
                "control_type": "text",
                "label": "Tax amount",
                "optional": true,
                "type": "string",
                "name": "tax_amount"
              },
              {
                "control_type": "text",
                "label": "Tax regime",
                "optional": true,
                "type": "string",
                "name": "tax_regime"
              },
              {
                "control_type": "text",
                "label": "Total amount",
                "optional": true,
                "type": "string",
                "name": "total_amount"
              },
              {
                "properties": [
                  {
                    "control_type": "number",
                    "label": "Trip ID",
                    "parse_output": "float_conversion",
                    "optional": true,
                    "type": "number",
                    "name": "trip_id"
                  },
                  {
                    "control_type": "text",
                    "label": "Trip name",
                    "optional": true,
                    "type": "string",
                    "name": "trip_name"
                  },
                  {
                    "control_type": "text",
                    "label": "Service",
                    "optional": true,
                    "type": "string",
                    "name": "service"
                  },
                  {
                    "name": "travelers",
                    "type": "array",
                    "of": "object",
                    "label": "Travelers",
                    "optional": true,
                    "properties": [
                      {
                        "control_type": "text",
                        "label": "Name",
                        "optional": true,
                        "type": "string",
                        "name": "name"
                      },
                      {
                        "control_type": "text",
                        "label": "Email",
                        "optional": true,
                        "type": "string",
                        "name": "email"
                      },
                      {
                        "control_type": "text",
                        "label": "External ID",
                        "optional": true,
                        "type": "string",
                        "name": "external_id"
                      }
                    ]
                  },
                  {
                    "properties": [
                      {
                        "control_type": "text",
                        "label": "Name",
                        "optional": true,
                        "type": "string",
                        "name": "name"
                      },
                      {
                        "control_type": "text",
                        "label": "Email",
                        "optional": true,
                        "type": "string",
                        "name": "email"
                      },
                      {
                        "control_type": "text",
                        "label": "External ID",
                        "optional": true,
                        "type": "string",
                        "name": "external_id"
                      }
                    ],
                    "label": "Booker",
                    "optional": true,
                    "type": "object",
                    "name": "booker"
                  },
                  {
                    "control_type": "text",
                    "label": "Start date",
                    "optional": true,
                    "type": "string",
                    "name": "start_date"
                  },
                  {
                    "control_type": "text",
                    "label": "End date",
                    "optional": true,
                    "type": "string",
                    "name": "end_date"
                  },
                  {
                    "control_type": "text",
                    "label": "Cost center",
                    "optional": true,
                    "type": "string",
                    "name": "cost_center"
                  },
                  {
                    "properties": [
                      {
                        "control_type": "text",
                        "label": "Code",
                        "optional": true,
                        "type": "string",
                        "name": "code"
                      },
                      {
                        "control_type": "text",
                        "label": "Name",
                        "optional": true,
                        "type": "string",
                        "name": "name"
                      }
                    ],
                    "label": "Vendor",
                    "optional": true,
                    "type": "object",
                    "name": "vendor"
                  },
                  {
                    "control_type": "text",
                    "label": "Out of policy",
                    "parse_output": {
                    },
                    "render_input": {
                    },
                    "toggle_hint": "Select from option list",
                    "toggle_field": {
                      "label": "Out of policy",
                      "control_type": "text",
                      "toggle_hint": "Use custom value",
                      "type": "boolean",
                      "name": "out_of_policy"
                    },
                    "optional": true,
                    "type": "number",
                    "name": "out_of_policy"
                  },
                  {
                    "properties": [
                      {
                        "properties": [
                          {
                            "control_type": "text",
                            "label": "City",
                            "optional": true,
                            "type": "string",
                            "name": "city"
                          },
                          {
                            "control_type": "text",
                            "label": "Country",
                            "optional": true,
                            "type": "string",
                            "name": "country"
                          },
                          {
                            "control_type": "text",
                            "label": "Latitude",
                            "optional": true,
                            "type": "string",
                            "name": "latitude"
                          },
                          {
                            "control_type": "text",
                            "label": "Longitude",
                            "optional": true,
                            "type": "string",
                            "name": "longitude"
                          },
                          {
                            "control_type": "text",
                            "label": "Country code",
                            "optional": true,
                            "type": "string",
                            "name": "country_code"
                          }
                        ],
                        "label": "Hotel location",
                        "optional": true,
                        "type": "object",
                        "name": "hotel_location"
                      }
                    ],
                    "label": "Service location",
                    "optional": true,
                    "type": "object",
                    "name": "service_location"
                  },
                  {
                    "control_type": "text",
                    "label": "Include breakfast",
                    "parse_output": {
                    },
                    "render_input": {
                    },
                    "toggle_hint": "Select from option list",
                    "toggle_field": {
                      "label": "Include breakfast",
                      "control_type": "text",
                      "toggle_hint": "Use custom value",
                      "type": "boolean",
                      "name": "include_breakfast"
                    },
                    "optional": true,
                    "type": "number",
                    "name": "include_breakfast"
                  },
                  {
                    "control_type": "text",
                    "label": "Credit card last 4 digits",
                    "optional": true,
                    "type": "string",
                    "name": "credit_card_last_4_digits"
                  }
                ],
                "label": "Metadata",
                "optional": true,
                "type": "object",
                "name": "metadata"
              }
            ],
            "type": "array"
          }
        ],
        "visible_config_fields": [
          "lines",
          "lines.id",
          "lines.expense_date",
          "lines.description",
          "lines.quantity",
          "lines.unit_price",
          "lines.non_taxable_unit_price",
          "lines.tax_percentage",
          "lines.tax_amount",
          "lines.tax_regime",
          "lines.total_amount",
          "lines.metadata",
          "lines.metadata.trip_id",
          "lines.metadata.trip_name",
          "lines.metadata.service",
          "lines.metadata.travelers",
          "lines.metadata.travelers.name",
          "lines.metadata.travelers.email",
          "lines.metadata.travelers.external_id",
          "lines.metadata.booker",
          "lines.metadata.booker.name",
          "lines.metadata.booker.email",
          "lines.metadata.booker.external_id",
          "lines.metadata.start_date",
          "lines.metadata.end_date",
          "lines.metadata.cost_center",
          "lines.metadata.vendor",
          "lines.metadata.vendor.code",
          "lines.metadata.vendor.name",
          "lines.metadata.credit_card_last_4_digits",
          "serial_number",
          "profile_id",
          "profile_name",
          "billing_information.legal_name",
          "billing_information.vat_number",
          "billing_information.address_line_1",
          "billing_information.address_line_2",
          "billing_information.city",
          "billing_information.postal_code",
          "billing_information.country_name",
          "mode",
          "status",
          "issuing_date",
          "billing_period",
          "from_date",
          "to_date",
          "due_date",
          "currency",
          "total",
          "taxes_summary.tax_regime",
          "taxes_summary.subtotal",
          "taxes_summary.tax_percentage",
          "taxes_summary.tax_amount",
          "taxes_summary.total",
          "reference",
          "travelperk_bank_account",
          "pdf",
          "lines.metadata.out_of_policy",
          "lines.metadata.service_location.hotel_location.city",
          "lines.metadata.service_location.hotel_location.country",
          "lines.metadata.service_location.hotel_location.latitude",
          "lines.metadata.service_location.hotel_location.longitude",
          "lines.metadata.service_location.hotel_location.country_code",
          "lines.metadata.include_breakfast"
        ],
        "uuid": "20aa3c96-3f99-4584-9f90-425525edb6e3",
        "skip": false
      },
      {
        "number": 2,
        "provider": "workato_smart_list",
        "name": "create_list",
        "as": "8d6b9ba5",
        "title": null,
        "description": "Create <span class=\"provider\">invoice_lines</span> list in <span class=\"provider\">Collection</span>",
        "keyword": "action",
        "dynamicPickListSelection": {
        },
        "toggleCfg": {
        },
        "input": {
          "list_source": "=_('data.travel_perk_connector_564885_1661443229.9786f821.data')",
          "list_name": "invoice_lines"
        },
        "extended_output_schema": [
          {
            "control_type": "text",
            "label": "invoice_lines",
            "name": "list_name",
            "type": "string"
          },
          {
            "label": "Columns",
            "name": "columns",
            "properties": [
              {
                "control_type": "text",
                "label": "ID",
                "optional": true,
                "list_data_type": "string",
                "type": "string",
                "name": "id"
              },
              {
                "control_type": "text",
                "label": "Invoice Serial Number",
                "optional": true,
                "list_data_type": "string",
                "type": "string",
                "name": "invoice_serial_number"
              },
              {
                "control_type": "text",
                "label": "Expense Date",
                "optional": true,
                "list_data_type": "date_time",
                "type": "string",
                "name": "expense_date"
              },
              {
                "control_type": "text",
                "label": "Description",
                "optional": true,
                "list_data_type": "string",
                "type": "string",
                "name": "description"
              },
              {
                "control_type": "text",
                "label": "Total Amount",
                "optional": true,
                "list_data_type": "number",
                "type": "string",
                "name": "total_amount"
              },
              {
                "control_type": "text",
                "label": "Booker",
                "optional": true,
                "list_data_type": "string",
                "type": "string",
                "name": "booker"
              },
              {
                "control_type": "text",
                "label": "CostCenter",
                "optional": true,
                "list_data_type": "string",
                "type": "string",
                "name": "cost_center"
              },
              {
                "control_type": "text",
                "label": "Vendor",
                "optional": true,
                "list_data_type": "string",
                "type": "string",
                "name": "vendor"
              },
              {
                "control_type": "text",
                "label": "Currency",
                "optional": true,
                "list_data_type": "string",
                "type": "string",
                "name": "currency"
              },
              {
                "control_type": "text",
                "label": "Category",
                "optional": true,
                "list_data_type": "string",
                "type": "string",
                "name": "category"
              }
            ],
            "type": "object"
          },
          {
            "control_type": "number",
            "label": "Row count",
            "name": "row_count",
            "type": "integer",
            "parse_output": "integer_conversion"
          }
        ],
        "extended_input_schema": [
          {
            "control_type": "checkbox",
            "hint": "Select <b>Yes</b> to overwrite <b>invoice_lines</b> list if it already exists",
            "label": "Overwrite list?",
            "name": "force",
            "optional": true,
            "toggle_field": {
              "label": "Overwrite list?",
              "control_type": "text",
              "toggle_hint": "Use custom value",
              "hint": "Select <b>Yes</b> to overwrite <b>invoice_lines</b> list if it already exists",
              "optional": true,
              "type": "boolean",
              "name": "force"
            },
            "toggle_hint": "Select from option list",
            "type": "boolean",
            "parse_output": {
            },
            "render_input": {
            }
          },
          {
            "control_type": "multiselect",
            "delimiter": "\n",
            "hint": "Collections are like databases. Having index improves query performance. Select one or more fields from list source.",
            "label": "Primary index",
            "name": "primary_index",
            "ngIf": "input.create_table_if_not_exist != 'false'",
            "optional": true,
            "pick_list": [
              [
                "ID",
                "id"
              ],
              [
                "Invoice Serial Number",
                "invoice_serial_number"
              ],
              [
                "Expense Date",
                "expense_date"
              ],
              [
                "Description",
                "description"
              ],
              [
                "Total Amount",
                "total_amount"
              ],
              [
                "Booker",
                "booker"
              ],
              [
                "CostCenter",
                "cost_center"
              ],
              [
                "Vendor",
                "vendor"
              ],
              [
                "Currency",
                "currency"
              ],
              [
                "Category",
                "category"
              ]
            ],
            "sticky": true,
            "type": "string"
          },
          {
            "control_type": "multiselect",
            "delimiter": "\n",
            "hint": "Select one or more fields from list source.",
            "label": "Secondary index",
            "name": "secondary_index",
            "ngIf": "input.create_table_if_not_exist != 'false'",
            "optional": true,
            "pick_list": [
              [
                "ID",
                "id"
              ],
              [
                "Invoice Serial Number",
                "invoice_serial_number"
              ],
              [
                "Expense Date",
                "expense_date"
              ],
              [
                "Description",
                "description"
              ],
              [
                "Total Amount",
                "total_amount"
              ],
              [
                "Booker",
                "booker"
              ],
              [
                "CostCenter",
                "cost_center"
              ],
              [
                "Vendor",
                "vendor"
              ],
              [
                "Currency",
                "currency"
              ],
              [
                "Category",
                "category"
              ]
            ],
            "type": "string"
          }
        ],
        "uuid": "d9653448-6676-4841-b8d0-b321cee5ea8d",
        "skip": false
      },
      {
        "number": 3,
        "provider": "workato_smart_list",
        "name": "query_list",
        "as": "112e80e0",
        "title": null,
        "description": null,
        "keyword": "action",
        "dynamicPickListSelection": {
        },
        "toggleCfg": {
          "csv": true
        },
        "input": {
          "output_schema_by": "index",
          "csv": "false",
          "headers": "false",
          "col_sep": "comma",
          "sql": "select \n\texpense_date as \"expenseDate\",\n    description as \"Description\",\n    total_amount as \"totalAmount\",\n    currency as \"Currency\",\n    vendor as \"Vendor\",\n    invoice_serial_number as \"InvoiceSerialNumber\",\n    category as \"Category\"\nfrom invoice_lines where total_amount > 0;",
          "result_schema_json": "[{\"name\":\"expenseDate\",\"type\":\"date_time\",\"optional\":false,\"control_type\":\"text\"},{\"name\":\"Description\",\"type\":\"string\",\"optional\":false,\"control_type\":\"text\"},{\"name\":\"totalAmount\",\"type\":\"number\",\"optional\":false,\"control_type\":\"number\"},{\"name\":\"Currency\",\"type\":\"string\",\"optional\":false,\"control_type\":\"text\"},{\"name\":\"vendor\",\"type\":\"string\",\"optional\":false,\"control_type\":\"text\"},{\"name\":\"invoice_serial_number\",\"type\":\"string\",\"optional\":false,\"control_type\":\"text\"},{\"name\":\"category\",\"type\":\"string\",\"optional\":false,\"control_type\":\"text\",\"label\":\"Category\"}]"
        },
        "extended_output_schema": [
          {
            "label": "Rows",
            "name": "rows",
            "of": "object",
            "properties": [
              {
                "control_type": "text",
                "label": "Expense date",
                "render_input": "date_time_conversion",
                "parse_output": "date_time_conversion",
                "name": "expenseDate",
                "type": "date_time",
                "optional": false
              },
              {
                "control_type": "text",
                "label": "Description",
                "name": "Description",
                "type": "string",
                "optional": false
              },
              {
                "control_type": "number",
                "label": "Total amount",
                "parse_output": "float_conversion",
                "name": "totalAmount",
                "type": "number",
                "optional": false
              },
              {
                "control_type": "text",
                "label": "Currency",
                "name": "Currency",
                "type": "string",
                "optional": false
              },
              {
                "control_type": "text",
                "label": "Vendor",
                "name": "vendor",
                "type": "string",
                "optional": false
              },
              {
                "control_type": "text",
                "label": "Invoice serial number",
                "name": "invoice_serial_number",
                "type": "string",
                "optional": false
              },
              {
                "control_type": "text",
                "label": "Category",
                "name": "category",
                "type": "string",
                "optional": false
              }
            ],
            "type": "array"
          }
        ],
        "uuid": "bd3e0ae1-70e7-4001-bd0f-d60dc3fbb9fd",
        "skip": false
      },
      {
        "number": 4,
        "as": "8fc463a1",
        "keyword": "foreach",
        "dynamicPickListSelection": {
        },
        "toggleCfg": {
        },
        "repeat_mode": "simple",
        "clear_scope": "false",
        "input": {
        },
        "block": [
          {
            "number": 5,
            "provider": "travel_perk_connector_564885_1661443229",
            "name": "get_invoice",
            "as": "285f9d7b",
            "title": null,
            "description": null,
            "keyword": "action",
            "dynamicPickListSelection": {
            },
            "toggleCfg": {
            },
            "input": {
              "invoice_serial_number": "#{_('data.foreach.8fc463a1.invoice_serial_number')}"
            },
            "extended_output_schema": [
              {
                "label": "Data",
                "name": "data",
                "of": "object",
                "optional": true,
                "properties": [
                  {
                    "control_type": "text",
                    "label": "PDF",
                    "optional": true,
                    "type": "string",
                    "name": "pdf"
                  }
                ],
                "type": "array"
              }
            ],
            "uuid": "4e435151-98cb-410f-bdcf-33eb263e6106",
            "skip": false
          },
          {
            "number": 6,
            "provider": "fyle_prod_connector_564885_1678964478",
            "name": "post_expenses",
            "as": "97a70f63",
            "title": null,
            "description": null,
            "keyword": "action",
            "dynamicPickListSelection": {
            },
            "toggleCfg": {
            },
            "input": {
              "data": {
                "spent_at": "#{_('data.foreach.8fc463a1.expenseDate')}",
                "purpose": "=_('data.travel_perk_connector_564885_1661443229.e1f4ed34.lines.first.metadata.travelers.first.name') + ' : ' + _('data.foreach.8fc463a1.Description') ",
                "currency": "#{_('data.foreach.8fc463a1.Currency')}",
                "claim_amount": "#{_('data.foreach.8fc463a1.totalAmount')}",
                "merchant": "#{_('data.foreach.8fc463a1.vendor')}",
                "is_reimbursable": "false",
                "category_id": "#{_('data.foreach.8fc463a1.category')}",
                "source": "CORPORATE_CARD"
              }
            },
            "extended_output_schema": [
              {
                "label": "Data",
                "name": "data",
                "of": "object",
                "optional": true,
                "properties": [
                  {
                    "control_type": "text",
                    "label": "ID",
                    "optional": true,
                    "type": "string",
                    "name": "id"
                  },
                  {
                    "control_type": "text",
                    "label": "User ID",
                    "optional": true,
                    "type": "string",
                    "name": "user_id"
                  },
                  {
                    "control_type": "text",
                    "label": "User email",
                    "optional": true,
                    "type": "string",
                    "name": "user_email"
                  },
                  {
                    "control_type": "text",
                    "label": "User full name",
                    "optional": true,
                    "type": "string",
                    "name": "user_full_name"
                  },
                  {
                    "control_type": "text",
                    "label": "Org ID",
                    "optional": true,
                    "type": "string",
                    "name": "org_id"
                  },
                  {
                    "control_type": "text",
                    "label": "Created at",
                    "render_input": "date_time_conversion",
                    "parse_output": "date_time_conversion",
                    "optional": true,
                    "type": "date_time",
                    "name": "created_at"
                  },
                  {
                    "control_type": "text",
                    "label": "Updated at",
                    "render_input": "date_time_conversion",
                    "parse_output": "date_time_conversion",
                    "optional": true,
                    "type": "date_time",
                    "name": "updated_at"
                  },
                  {
                    "control_type": "text",
                    "label": "Spent at",
                    "render_input": "date_time_conversion",
                    "parse_output": "date_time_conversion",
                    "optional": true,
                    "type": "date_time",
                    "name": "spent_at"
                  },
                  {
                    "control_type": "text",
                    "label": "Source",
                    "optional": true,
                    "type": "string",
                    "name": "source"
                  },
                  {
                    "control_type": "text",
                    "label": "Merchant",
                    "optional": true,
                    "type": "string",
                    "name": "merchant"
                  },
                  {
                    "control_type": "text",
                    "label": "Currency",
                    "optional": true,
                    "type": "string",
                    "name": "currency"
                  },
                  {
                    "control_type": "number",
                    "label": "Amount",
                    "parse_output": "float_conversion",
                    "optional": true,
                    "type": "number",
                    "name": "amount"
                  },
                  {
                    "control_type": "text",
                    "label": "Foreign currency",
                    "optional": true,
                    "type": "string",
                    "name": "foreign_currency"
                  },
                  {
                    "control_type": "number",
                    "label": "Foreign amount",
                    "parse_output": "float_conversion",
                    "optional": true,
                    "type": "number",
                    "name": "foreign_amount"
                  },
                  {
                    "control_type": "text",
                    "label": "Purpose",
                    "optional": true,
                    "type": "string",
                    "name": "purpose"
                  },
                  {
                    "control_type": "number",
                    "label": "Cost center ID",
                    "parse_output": "float_conversion",
                    "optional": true,
                    "type": "number",
                    "name": "cost_center_id"
                  },
                  {
                    "control_type": "text",
                    "label": "Cost center name",
                    "optional": true,
                    "type": "string",
                    "name": "cost_center_name"
                  },
                  {
                    "control_type": "text",
                    "label": "Cost center code",
                    "optional": true,
                    "type": "string",
                    "name": "cost_center_code"
                  },
                  {
                    "control_type": "number",
                    "label": "Category ID",
                    "parse_output": "float_conversion",
                    "optional": true,
                    "type": "number",
                    "name": "category_id"
                  },
                  {
                    "control_type": "text",
                    "label": "Category name",
                    "optional": true,
                    "type": "string",
                    "name": "category_name"
                  },
                  {
                    "control_type": "text",
                    "label": "Sub category",
                    "optional": true,
                    "type": "string",
                    "name": "sub_category"
                  },
                  {
                    "control_type": "text",
                    "label": "Category code",
                    "optional": true,
                    "type": "string",
                    "name": "category_code"
                  },
                  {
                    "control_type": "number",
                    "label": "Project ID",
                    "parse_output": "float_conversion",
                    "optional": true,
                    "type": "number",
                    "name": "project_id"
                  },
                  {
                    "control_type": "text",
                    "label": "Project name",
                    "optional": true,
                    "type": "string",
                    "name": "project_name"
                  },
                  {
                    "control_type": "text",
                    "label": "Sub project",
                    "optional": true,
                    "type": "string",
                    "name": "sub_project"
                  },
                  {
                    "control_type": "text",
                    "label": "Project code",
                    "optional": true,
                    "type": "string",
                    "name": "project_code"
                  },
                  {
                    "control_type": "text",
                    "label": "Source account ID",
                    "optional": true,
                    "type": "string",
                    "name": "source_account_id"
                  },
                  {
                    "control_type": "text",
                    "label": "Source account type",
                    "optional": true,
                    "type": "string",
                    "name": "source_account_type"
                  },
                  {
                    "control_type": "number",
                    "label": "Tax amount",
                    "parse_output": "float_conversion",
                    "optional": true,
                    "type": "number",
                    "name": "tax_amount"
                  },
                  {
                    "control_type": "text",
                    "label": "Tax group ID",
                    "optional": true,
                    "type": "string",
                    "name": "tax_group_id"
                  },
                  {
                    "control_type": "text",
                    "label": "Is billable",
                    "parse_output": {
                    },
                    "render_input": {
                    },
                    "toggle_hint": "Select from option list",
                    "toggle_field": {
                      "label": "Is billable",
                      "control_type": "text",
                      "toggle_hint": "Use custom value",
                      "type": "boolean",
                      "name": "is_billable"
                    },
                    "optional": true,
                    "type": "number",
                    "name": "is_billable"
                  },
                  {
                    "control_type": "text",
                    "label": "Is reimbursable",
                    "parse_output": {
                    },
                    "render_input": {
                    },
                    "toggle_hint": "Select from option list",
                    "toggle_field": {
                      "label": "Is reimbursable",
                      "control_type": "text",
                      "toggle_hint": "Use custom value",
                      "type": "boolean",
                      "name": "is_reimbursable"
                    },
                    "optional": true,
                    "type": "number",
                    "name": "is_reimbursable"
                  },
                  {
                    "control_type": "text",
                    "label": "Code",
                    "optional": true,
                    "type": "string",
                    "name": "code"
                  },
                  {
                    "control_type": "text",
                    "label": "State",
                    "optional": true,
                    "type": "string",
                    "name": "state"
                  },
                  {
                    "control_type": "text",
                    "label": "Seq num",
                    "optional": true,
                    "type": "string",
                    "name": "seq_num"
                  },
                  {
                    "control_type": "text",
                    "label": "Added to report at",
                    "render_input": "date_time_conversion",
                    "parse_output": "date_time_conversion",
                    "optional": true,
                    "type": "date_time",
                    "name": "added_to_report_at"
                  },
                  {
                    "control_type": "text",
                    "label": "Report ID",
                    "optional": true,
                    "type": "string",
                    "name": "report_id"
                  },
                  {
                    "control_type": "text",
                    "label": "Report last approved at",
                    "render_input": "date_time_conversion",
                    "parse_output": "date_time_conversion",
                    "optional": true,
                    "type": "date_time",
                    "name": "report_last_approved_at"
                  },
                  {
                    "control_type": "text",
                    "label": "Report last submitted at",
                    "render_input": "date_time_conversion",
                    "parse_output": "date_time_conversion",
                    "optional": true,
                    "type": "date_time",
                    "name": "report_last_submitted_at"
                  },
                  {
                    "control_type": "text",
                    "label": "Report seq num",
                    "optional": true,
                    "type": "string",
                    "name": "report_seq_num"
                  },
                  {
                    "control_type": "text",
                    "label": "Report title",
                    "optional": true,
                    "type": "string",
                    "name": "report_title"
                  },
                  {
                    "control_type": "text",
                    "label": "Report state",
                    "optional": true,
                    "type": "string",
                    "name": "report_state"
                  },
                  {
                    "control_type": "text",
                    "label": "Report settlement ID",
                    "optional": true,
                    "type": "string",
                    "name": "report_settlement_id"
                  },
                  {
                    "control_type": "text",
                    "label": "Report last paid at",
                    "render_input": "date_time_conversion",
                    "parse_output": "date_time_conversion",
                    "optional": true,
                    "type": "date_time",
                    "name": "report_last_paid_at"
                  },
                  {
                    "control_type": "text",
                    "label": "Is verified",
                    "parse_output": {
                    },
                    "render_input": {
                    },
                    "toggle_hint": "Select from option list",
                    "toggle_field": {
                      "label": "Is verified",
                      "control_type": "text",
                      "toggle_hint": "Use custom value",
                      "type": "boolean",
                      "name": "is_verified"
                    },
                    "optional": true,
                    "type": "number",
                    "name": "is_verified"
                  },
                  {
                    "control_type": "text",
                    "label": "Last verified at",
                    "render_input": "date_time_conversion",
                    "parse_output": "date_time_conversion",
                    "optional": true,
                    "type": "date_time",
                    "name": "last_verified_at"
                  },
                  {
                    "control_type": "text",
                    "label": "Is exported",
                    "parse_output": {
                    },
                    "render_input": {
                    },
                    "toggle_hint": "Select from option list",
                    "toggle_field": {
                      "label": "Is exported",
                      "control_type": "text",
                      "toggle_hint": "Use custom value",
                      "type": "boolean",
                      "name": "is_exported"
                    },
                    "optional": true,
                    "type": "number",
                    "name": "is_exported"
                  },
                  {
                    "control_type": "text",
                    "label": "Last exported at",
                    "render_input": "date_time_conversion",
                    "parse_output": "date_time_conversion",
                    "optional": true,
                    "type": "date_time",
                    "name": "last_exported_at"
                  },
                  {
                    "control_type": "text",
                    "label": "Employee ID",
                    "optional": true,
                    "type": "string",
                    "name": "employee_id"
                  },
                  {
                    "control_type": "text",
                    "label": "Employee code",
                    "optional": true,
                    "type": "string",
                    "name": "employee_code"
                  },
                  {
                    "control_type": "text",
                    "label": "Employee department ID",
                    "optional": true,
                    "type": "string",
                    "name": "employee_department_id"
                  },
                  {
                    "control_type": "text",
                    "label": "Employee department code",
                    "optional": true,
                    "type": "string",
                    "name": "employee_department_code"
                  },
                  {
                    "control_type": "text",
                    "label": "Employee department name",
                    "optional": true,
                    "type": "string",
                    "name": "employee_department_name"
                  },
                  {
                    "control_type": "text",
                    "label": "Employee sub department name",
                    "optional": true,
                    "type": "string",
                    "name": "employee_sub_department_name"
                  },
                  {
                    "control_type": "text",
                    "label": "Is corporate card transaction auto matched",
                    "parse_output": {
                    },
                    "render_input": {
                    },
                    "toggle_hint": "Select from option list",
                    "toggle_field": {
                      "label": "Is corporate card transaction auto matched",
                      "control_type": "text",
                      "toggle_hint": "Use custom value",
                      "type": "boolean",
                      "name": "is_corporate_card_transaction_auto_matched"
                    },
                    "optional": true,
                    "type": "number",
                    "name": "is_corporate_card_transaction_auto_matched"
                  },
                  {
                    "control_type": "text",
                    "label": "Corporate card ID",
                    "optional": true,
                    "type": "string",
                    "name": "corporate_card_id"
                  },
                  {
                    "control_type": "text",
                    "label": "Corporate card number",
                    "optional": true,
                    "type": "string",
                    "name": "corporate_card_number"
                  },
                  {
                    "control_type": "text",
                    "label": "Last settled at",
                    "render_input": "date_time_conversion",
                    "parse_output": "date_time_conversion",
                    "optional": true,
                    "type": "date_time",
                    "name": "last_settled_at"
                  },
                  {
                    "control_type": "text",
                    "label": "Cluster Domain",
                    "optional": true,
                    "type": "string",
                    "name": "cluster_domain"
                  }
                ],
                "type": "array"
              }
            ],
            "uuid": "0fa79409-b7be-4649-b58b-6683fb9acfd2",
            "skip": false
          },
          {
            "number": 7,
            "provider": "fyle_prod_connector_564885_1678964478",
            "name": "post_file",
            "as": "c7176180",
            "title": null,
            "description": null,
            "keyword": "action",
            "dynamicPickListSelection": {
            },
            "toggleCfg": {
            },
            "input": {
              "data": {
                "name": "=_('data.foreach.8fc463a1.invoice_serial_number') + '.pdf'",
                "type": "RECEIPT"
              }
            },
            "extended_output_schema": [
              {
                "label": "Data",
                "name": "data",
                "of": "object",
                "optional": true,
                "properties": [
                  {
                    "control_type": "text",
                    "label": "ID",
                    "optional": true,
                    "type": "string",
                    "name": "id"
                  },
                  {
                    "control_type": "text",
                    "label": "Name",
                    "optional": true,
                    "type": "string",
                    "name": "name"
                  },
                  {
                    "control_type": "text",
                    "label": "Content Type",
                    "optional": true,
                    "type": "string",
                    "name": "content_type"
                  }
                ],
                "type": "array"
              }
            ],
            "uuid": "512189e6-fd01-4150-9faa-83b800ec2517",
            "skip": false
          },
          {
            "number": 8,
            "provider": "fyle_prod_connector_564885_1678964478",
            "name": "generate_upload_url",
            "as": "ca7281fb",
            "title": null,
            "description": null,
            "keyword": "action",
            "dynamicPickListSelection": {
            },
            "toggleCfg": {
            },
            "input": {
              "data": {
                "____source": "#{_('data.fyle_prod_connector_564885_1678964478.c7176180.data')}",
                "id": "#{_('data.fyle_prod_connector_564885_1678964478.c7176180.data.first.id')}"
              }
            },
            "extended_output_schema": [
              {
                "label": "Data",
                "name": "data",
                "of": "object",
                "optional": true,
                "properties": [
                  {
                    "control_type": "text",
                    "label": "Content type",
                    "optional": true,
                    "type": "string",
                    "name": "content_type"
                  },
                  {
                    "control_type": "text",
                    "label": "Download URL",
                    "optional": true,
                    "type": "string",
                    "name": "download_url"
                  },
                  {
                    "control_type": "text",
                    "label": "ID",
                    "optional": true,
                    "type": "string",
                    "name": "id"
                  },
                  {
                    "control_type": "text",
                    "label": "Name",
                    "optional": true,
                    "type": "string",
                    "name": "name"
                  },
                  {
                    "control_type": "text",
                    "label": "Upload URL",
                    "optional": true,
                    "type": "string",
                    "name": "upload_url"
                  }
                ],
                "type": "array"
              }
            ],
            "uuid": "e9e5c10b-0159-439a-97d9-8ec739ec8881",
            "skip": false
          },
          {
            "number": 9,
            "provider": "file_connector",
            "name": "read_file",
            "as": "25c1deea",
            "title": null,
            "description": null,
            "keyword": "action",
            "dynamicPickListSelection": {
            },
            "toggleCfg": {
              "base64_encode": true,
              "is_large": true
            },
            "input": {
              "base64_encode": "false",
              "is_large": "false",
              "url": "=_('data.travel_perk_connector_564885_1661443229.285f9d7b')[\"data\"][0][\"pdf\"]"
            },
            "uuid": "0b08d029-aa36-4e71-b864-f19a192952fa",
            "skip": false
          },
          {
            "number": 10,
            "provider": "rest",
            "name": "make_request_v2",
            "as": "3378053a",
            "title": "Load File to S3 URL",
            "description": "<span class=\"provider\">Load file to s3 url</span> via <span class=\"provider\">HTTP</span>",
            "keyword": "action",
            "dynamicPickListSelection": {
            },
            "toggleCfg": {
              "response.ignore_http_errors": true
            },
            "input": {
              "request_name": "Load File to S3 URL",
              "request": {
                "method": "PUT",
                "content_type": "application/octet-stream",
                "url": "=_('data.fyle_prod_connector_564885_1678964478.ca7281fb')[\"data\"][\"upload_url\"]",
                "body": "#{_('data.file_connector.25c1deea.body')}",
                "headers": [
                  {
                    "header": "Content-Type",
                    "value": "application/pdf"
                  }
                ]
              },
              "response": {
                "output_type": "json",
                "expected_encoding": "UTF-8",
                "ignore_http_errors": "false",
                "headers_schema": "[{\"name\":\"status\",\"type\":\"string\",\"optional\":true,\"control_type\":\"text\"}]"
              }
            },
            "extended_output_schema": [
              {
                "label": "Headers",
                "name": "headers",
                "properties": [
                  {
                    "control_type": "text",
                    "label": "Status",
                    "name": "status",
                    "type": "string",
                    "optional": true
                  }
                ],
                "type": "object"
              },
              {
                "label": "Response",
                "name": "response",
                "properties": [

                ],
                "type": "object"
              }
            ],
            "extended_input_schema": [
              {
                "label": "Response",
                "name": "response",
                "override": true,
                "properties": [
                  {
                    "control_type": "select",
                    "label": "Response content type",
                    "pick_list": [
                      [
                        "Text",
                        "rawdatatxt"
                      ],
                      [
                        "Binary",
                        "rawdata"
                      ],
                      [
                        "JSON",
                        "json"
                      ],
                      [
                        "XML",
                        "xml2"
                      ]
                    ],
                    "hint": "Select expected format of data response type, e.g. JSON or XML. <a href=\"https://docs.workato.com/developing-connectors/http.html#response-type\" target=\"_blank\">Learn more</a>",
                    "default": "json",
                    "extends_schema": true,
                    "type": "string",
                    "name": "output_type"
                  },
                  {
                    "control_type": "select",
                    "label": "Encoding",
                    "pick_list": "supported_encodings_without_binary_global_pick_list",
                    "pick_list_connection_less": true,
                    "optional": true,
                    "default": "UTF-8",
                    "hint": "Default encoding type is set to UTF-8, and typically doesn't need to be changed. <a href=\"https://docs.workato.com/developing-connectors/http.html#response-type\" target=\"_blank\">Learn more</a>",
                    "type": "string",
                    "name": "expected_encoding"
                  },
                  {
                    "control_type": "schema-designer",
                    "label": "Response schema",
                    "sample_data_type": "json_http",
                    "extends_schema": true,
                    "empty_schema_title": "Describe all fields in your response.",
                    "optional": true,
                    "sticky": true,
                    "type": "string",
                    "name": "response_schema"
                  },
                  {
                    "control_type": "schema-designer",
                    "label": "HTTP response headers",
                    "extends_schema": true,
                    "empty_schema_title": "Describe all the response headers",
                    "optional": true,
                    "sticky": true,
                    "type": "string",
                    "name": "headers_schema"
                  },
                  {
                    "control_type": "checkbox",
                    "label": "Mark non-2xx response codes as success?",
                    "render_input": {
                    },
                    "parse_output": {
                    },
                    "toggle_hint": "Select from option list",
                    "toggle_field": {
                      "label": "Mark non-2xx response codes as success?",
                      "control_type": "text",
                      "toggle_hint": "Use custom value",
                      "default": false,
                      "hint": "If <b>yes</b>, non 2xx response codes returned will be marked as a successful action. If <b>no</b>, non 2xx response codes returned will be marked as an error.",
                      "optional": true,
                      "type": "boolean",
                      "name": "ignore_http_errors"
                    },
                    "default": "false",
                    "hint": "If <b>yes</b>, non 2xx response codes returned will be marked as a successful action. If <b>no</b>, non 2xx response codes returned will be marked as an error.",
                    "optional": true,
                    "type": "boolean",
                    "name": "ignore_http_errors"
                  }
                ],
                "type": "object"
              }
            ],
            "uuid": "5c078db6-5554-4144-8f88-9410ef606a79",
            "wizardFinished": true,
            "skip": false
          },
          {
            "number": 11,
            "provider": "fyle_prod_connector_564885_1678964478",
            "name": "attach_receipt_to_expense",
            "as": "0e696d52",
            "title": null,
            "description": null,
            "keyword": "action",
            "dynamicPickListSelection": {
            },
            "toggleCfg": {
            },
            "input": {
              "data": {
                "id": "=_('data.fyle_prod_connector_564885_1678964478.97a70f63')['data']['id']",
                "file_id": "=_('data.fyle_prod_connector_564885_1678964478.ca7281fb')['data']['id']"
              }
            },
            "uuid": "a5aa3690-7516-4ac7-89e3-4e93eb00276f",
            "skip": false
          }
        ],
        "source": "#{_('data.workato_smart_list.112e80e0.rows')}",
        "uuid": "c02dab21-3f3e-4c68-808e-2c66faf8c8bb",
        "skip": false
      },
      {
        "number": 12,
        "keyword": "stop",
        "dynamicPickListSelection": {
        },
        "toggleCfg": {
        },
        "input": {
          "stop_with_error": "false"
        },
        "uuid": "144d4b28-ed4a-436e-831a-4f1e9678e8d2",
        "skip": false
      }
    ],
    "uuid": "fe6df7eb-3d32-407b-9ebb-940b5032b684"
  },
  "config": [
    {
      "keyword": "application",
      "provider": "travel_perk_connector_564885_1661443229",
      "skip_validation": false,
      "account_id": {
        "zip_name": "travelperk_connection.connection.json",
        "name": "TravelPerk Connection",
        "folder": "",
        "custom": true
      }
    },
    {
      "keyword": "application",
      "provider": "workato_smart_list",
      "skip_validation": false,
      "account_id": null
    },
    {
      "keyword": "application",
      "provider": "fyle_prod_connector_564885_1678964478",
      "skip_validation": false,
      "account_id": {
        "zip_name": "Connections/fyle_common_connection.connection.json",
        "name": "Fyle Common Connection",
        "folder": "Connections",
        "custom": true
      }
    },
    {
      "keyword": "application",
      "provider": "file_connector",
      "skip_validation": false,
      "account_id": null
    },
    {
      "keyword": "application",
      "provider": "rest",
      "skip_validation": false,
      "account_id": {
        "zip_name": "s3_connection.connection.json",
        "name": "S3 Connection",
        "folder": ""
      }
    }
  ]
}