{
  "name": "TravelPerk <> Fyle Integration",
  "description": "When there is a trigger on a specified schedule, do action",
  "version": 26,
  "private": true,
  "concurrency": 1,
  "code": {
    "number": 0,
    "provider": "clock",
    "name": "scheduled_event",
    "as": "a13f4803",
    "title": null,
    "description": "<span class=\"provider\">Trigger</span> on a <span class=\"provider\">specified schedule</span>",
    "keyword": "trigger",
    "dynamicPickListSelection": {
      "time_unit": "Minutes",
      "days_of_month": [
        {
          "label": "1",
          "value": "1"
        }
      ]
    },
    "toggleCfg": {
    },
    "input": {
      "time_unit": "minutes",
      "trigger_every": "5"
    },
    "extended_input_schema": [
      {
        "control_type": "integer",
        "default": "5",
        "enforce_template_mode": true,
        "extends_schema": true,
        "hint": "Define repeating schedule. Enter whole numbers only.\n                        This field can be set to a minimum of 5 minutes.",
        "label": "Trigger every",
        "name": "trigger_every",
        "optional": false,
        "suffix": {
          "text": "minutes"
        },
        "type": "string"
      },
      {
        "control_type": "date_time",
        "enforce_template_mode": true,
        "extends_schema": true,
        "hint": "Set date and time to start or leave blank to start immediately. <b>Once recipe has been run or tested, value cannot be changed.</b>",
        "label": "Start after",
        "name": "start_after",
        "optional": true,
        "since_field": true,
        "type": "date_time",
        "parse_output": "date_time_conversion",
        "render_input": "date_time_conversion"
      }
    ],
    "visible_config_fields": [
      "time_unit",
      "trigger_every",
      "start_after"
    ],
    "block": [
      {
        "number": 1,
        "provider": "travel_perk_connector_564885_1661443229",
        "name": "get_invoice_lines",
        "as": "466e6bdb",
        "title": null,
        "description": null,
        "keyword": "action",
        "dynamicPickListSelection": {
        },
        "toggleCfg": {
        },
        "input": {
        },
        "extended_output_schema": [
          {
            "label": "Data",
            "name": "data",
            "of": "object",
            "optional": true,
            "properties": [
              {
                "control_type": "text",
                "label": "ID",
                "optional": true,
                "type": "string",
                "name": "id"
              },
              {
                "control_type": "text",
                "label": "Invoice Serial Number",
                "optional": true,
                "type": "string",
                "name": "invoice_serial_number"
              },
              {
                "control_type": "text",
                "label": "Expense Date",
                "render_input": "date_time_conversion",
                "parse_output": "date_time_conversion",
                "optional": true,
                "type": "date_time",
                "name": "expense_date"
              },
              {
                "control_type": "text",
                "label": "Description",
                "optional": true,
                "type": "string",
                "name": "description"
              },
              {
                "control_type": "number",
                "label": "Total Amount",
                "parse_output": "float_conversion",
                "optional": true,
                "type": "number",
                "name": "total_amount"
              },
              {
                "control_type": "text",
                "label": "Booker",
                "optional": true,
                "type": "string",
                "name": "booker"
              },
              {
                "control_type": "text",
                "label": "CostCenter",
                "optional": true,
                "type": "string",
                "name": "cost_center"
              },
              {
                "control_type": "text",
                "label": "Vendor",
                "optional": true,
                "type": "string",
                "name": "vendor"
              },
              {
                "control_type": "text",
                "label": "Currency",
                "optional": true,
                "type": "string",
                "name": "currency"
              }
            ],
            "type": "array"
          }
        ],
        "uuid": "ea9ace4f-28d1-46eb-88f4-ad44857ffad9"
      },
      {
        "number": 2,
        "provider": "lookup_table",
        "name": "get_entries",
        "as": "8180f6fe",
        "title": null,
        "description": "\n      Get all\n      <span class=\"provider\">entries</span>\n      from\n      <span class=\"provider\">TravelPerk - Exported Invoices</span>\n      lookup table\n    ",
        "keyword": "action",
        "dynamicPickListSelection": {
          "lookup_table_id": "TravelPerk - Exported Invoices"
        },
        "toggleCfg": {
        },
        "input": {
          "lookup_table_id": {
            "zip_name": "travelperk_exported_invoices.lookup_table.json",
            "name": "TravelPerk - Exported Invoices",
            "folder": ""
          }
        },
        "extended_output_schema": [
          {
            "label": "Entries",
            "name": "entries",
            "of": "object",
            "properties": [
              {
                "control_type": "number",
                "label": "Entry ID",
                "parse_output": "integer_conversion",
                "type": "integer",
                "name": "id"
              },
              {
                "properties": [
                  {
                    "control_type": "text",
                    "label": "InvoiceNumber",
                    "name": "col1",
                    "type": "string",
                    "sticky": true
                  }
                ],
                "label": "Entry",
                "type": "object",
                "name": "entry"
              }
            ],
            "type": "array"
          }
        ],
        "uuid": "df5a6ec7-0278-4dbe-b375-97263ebc0345"
      },
      {
        "number": 3,
        "provider": "workato_variable",
        "name": "declare_list",
        "as": "8d765ee3",
        "title": " Create exported_invoices list",
        "description": "Create <span class=\"provider\">exported_invoices</span> list",
        "keyword": "action",
        "dynamicPickListSelection": {
        },
        "toggleCfg": {
        },
        "input": {
          "name": "exported_invoices",
          "list_item_schema_json": "[{\"name\":\"invoice_number\",\"type\":\"string\",\"optional\":true,\"control_type\":\"text\",\"label\":\"Invoice number\"}]",
          "list_items": {
            "____source": "#{_('data.lookup_table.8180f6fe.entries')}",
            "invoice_number": "#{_('data.lookup_table.8180f6fe.entries.first.entry.col1')}"
          }
        },
        "extended_output_schema": [
          {
            "hint": "",
            "label": "exported_invoices",
            "name": "list_items",
            "of": "object",
            "optional": false,
            "properties": [
              {
                "control_type": "text",
                "label": "Invoice number",
                "name": "invoice_number",
                "type": "string",
                "optional": true
              }
            ],
            "type": "array"
          }
        ],
        "extended_input_schema": [
          {
            "hint": "Set the initial items in the list. Defaults to an empty list if not supplied.",
            "label": "Items",
            "name": "list_items",
            "of": "object",
            "optional": true,
            "properties": [
              {
                "control_type": "text",
                "label": "Invoice number",
                "name": "invoice_number",
                "type": "string",
                "optional": true
              }
            ],
            "type": "array"
          }
        ],
        "visible_config_fields": [
          "name",
          "list_item_schema_json",
          "list_items.invoice_number"
        ],
        "uuid": "d32be5b4-8e77-44ad-a530-73c20cb4a204"
      },
      {
        "number": 4,
        "provider": "workato_smart_list",
        "name": "create_list",
        "as": "bfa8a1ac",
        "title": null,
        "description": "Create <span class=\"provider\">invoice_lines</span> list in <span class=\"provider\">Collection</span>",
        "keyword": "action",
        "dynamicPickListSelection": {
        },
        "toggleCfg": {
        },
        "input": {
          "list_source": "=_('data.travel_perk_connector_564885_1661443229.466e6bdb.data')",
          "list_name": "invoice_lines"
        },
        "extended_output_schema": [
          {
            "control_type": "text",
            "label": "invoice_lines",
            "name": "list_name",
            "type": "string"
          },
          {
            "label": "Columns",
            "name": "columns",
            "properties": [
              {
                "control_type": "text",
                "label": "ID",
                "optional": true,
                "list_data_type": "string",
                "type": "string",
                "name": "id"
              },
              {
                "control_type": "text",
                "label": "Invoice Serial Number",
                "optional": true,
                "list_data_type": "string",
                "type": "string",
                "name": "invoice_serial_number"
              },
              {
                "control_type": "text",
                "label": "Expense Date",
                "optional": true,
                "list_data_type": "date_time",
                "type": "string",
                "name": "expense_date"
              },
              {
                "control_type": "text",
                "label": "Description",
                "optional": true,
                "list_data_type": "string",
                "type": "string",
                "name": "description"
              },
              {
                "control_type": "text",
                "label": "Total Amount",
                "optional": true,
                "list_data_type": "number",
                "type": "string",
                "name": "total_amount"
              },
              {
                "control_type": "text",
                "label": "Booker",
                "optional": true,
                "list_data_type": "string",
                "type": "string",
                "name": "booker"
              },
              {
                "control_type": "text",
                "label": "CostCenter",
                "optional": true,
                "list_data_type": "string",
                "type": "string",
                "name": "cost_center"
              },
              {
                "control_type": "text",
                "label": "Vendor",
                "optional": true,
                "list_data_type": "string",
                "type": "string",
                "name": "vendor"
              },
              {
                "control_type": "text",
                "label": "Currency",
                "optional": true,
                "list_data_type": "string",
                "type": "string",
                "name": "currency"
              }
            ],
            "type": "object"
          },
          {
            "control_type": "number",
            "label": "Row count",
            "name": "row_count",
            "type": "integer",
            "parse_output": "integer_conversion"
          }
        ],
        "extended_input_schema": [
          {
            "control_type": "checkbox",
            "hint": "Select <b>Yes</b> to overwrite <b>invoice_lines</b> list if it already exists",
            "label": "Overwrite list?",
            "name": "force",
            "optional": true,
            "toggle_field": {
              "label": "Overwrite list?",
              "control_type": "text",
              "toggle_hint": "Use custom value",
              "hint": "Select <b>Yes</b> to overwrite <b>invoice_lines</b> list if it already exists",
              "optional": true,
              "type": "boolean",
              "name": "force"
            },
            "toggle_hint": "Select from option list",
            "type": "boolean",
            "parse_output": {
            },
            "render_input": {
            }
          },
          {
            "control_type": "multiselect",
            "delimiter": "\n",
            "hint": "Collections are like databases. Having index improves query performance. Select one or more fields from list source.",
            "label": "Primary index",
            "name": "primary_index",
            "ngIf": "input.create_table_if_not_exist != 'false'",
            "optional": true,
            "pick_list": [
              [
                "ID",
                "id"
              ],
              [
                "Invoice Serial Number",
                "invoice_serial_number"
              ],
              [
                "Expense Date",
                "expense_date"
              ],
              [
                "Description",
                "description"
              ],
              [
                "Total Amount",
                "total_amount"
              ],
              [
                "Booker",
                "booker"
              ],
              [
                "CostCenter",
                "cost_center"
              ],
              [
                "Vendor",
                "vendor"
              ],
              [
                "Currency",
                "currency"
              ]
            ],
            "sticky": true,
            "type": "string"
          },
          {
            "control_type": "multiselect",
            "delimiter": "\n",
            "hint": "Select one or more fields from list source.",
            "label": "Secondary index",
            "name": "secondary_index",
            "ngIf": "input.create_table_if_not_exist != 'false'",
            "optional": true,
            "pick_list": [
              [
                "ID",
                "id"
              ],
              [
                "Invoice Serial Number",
                "invoice_serial_number"
              ],
              [
                "Expense Date",
                "expense_date"
              ],
              [
                "Description",
                "description"
              ],
              [
                "Total Amount",
                "total_amount"
              ],
              [
                "Booker",
                "booker"
              ],
              [
                "CostCenter",
                "cost_center"
              ],
              [
                "Vendor",
                "vendor"
              ],
              [
                "Currency",
                "currency"
              ]
            ],
            "type": "string"
          }
        ],
        "uuid": "db9aebe5-a555-4ac4-8861-02c85e33517d"
      },
      {
        "number": 5,
        "provider": "workato_smart_list",
        "name": "insert_rows",
        "as": "b038cde1",
        "title": null,
        "description": "Insert rows into <span class=\"provider\">exported_invoices_tp</span> list in <span class=\"provider\">Collection</span>",
        "keyword": "action",
        "dynamicPickListSelection": {
          "primary_index": [
            {
              "label": "invoice_number",
              "value": "invoice_number"
            }
          ]
        },
        "toggleCfg": {
          "create_table_if_not_exist": true
        },
        "input": {
          "list_source": "=_('data.workato_variable.8d765ee3.list_items')",
          "list_name": "exported_invoices_tp",
          "primary_index": "invoice_number",
          "create_table_if_not_exist": "true"
        },
        "extended_output_schema": [
          {
            "control_type": "text",
            "label": "exported_invoices_tp",
            "name": "list_name",
            "type": "string"
          },
          {
            "label": "Columns",
            "name": "columns",
            "properties": [
              {
                "control_type": "text",
                "label": "Invoice number",
                "optional": true,
                "list_data_type": "string",
                "type": "string",
                "name": "invoice_number"
              }
            ],
            "type": "object"
          },
          {
            "control_type": "number",
            "label": "Row count",
            "name": "row_count",
            "type": "integer",
            "parse_output": "integer_conversion"
          }
        ],
        "extended_input_schema": [
          {
            "control_type": "multiselect",
            "delimiter": "\n",
            "hint": "Collections are like databases. Having index improves query performance. Select one or more fields from list source.",
            "label": "Primary index",
            "name": "primary_index",
            "ngIf": "input.create_table_if_not_exist != 'false'",
            "optional": true,
            "pick_list": [
              [
                "Invoice number",
                "invoice_number"
              ]
            ],
            "sticky": true,
            "type": "string"
          },
          {
            "control_type": "multiselect",
            "delimiter": "\n",
            "hint": "Select one or more fields from list source.",
            "label": "Secondary index",
            "name": "secondary_index",
            "ngIf": "input.create_table_if_not_exist != 'false'",
            "optional": true,
            "pick_list": [
              [
                "Invoice number",
                "invoice_number"
              ]
            ],
            "type": "string"
          }
        ],
        "uuid": "34d8fb0c-1d92-40a1-ac10-c5c264122d6e"
      },
      {
        "number": 6,
        "provider": "workato_smart_list",
        "name": "query_list",
        "as": "2249422e",
        "title": null,
        "description": null,
        "keyword": "action",
        "dynamicPickListSelection": {
        },
        "toggleCfg": {
          "csv": true
        },
        "input": {
          "output_schema_by": "index",
          "csv": "false",
          "headers": "false",
          "col_sep": "comma",
          "sql": "select \n\texpense_date as \"expenseDate\",\n    description as \"Description\",\n    total_amount as \"totalAmount\",\n    currency as \"Currency\",\n    vendor as \"Vendor\",\n    invoice_serial_number as \"InvoiceSerialNumber\"\nfrom invoice_lines\nwhere invoice_lines.invoice_serial_number not in (\n\tselect invoice_number from exported_invoices_tp\n);",
          "result_schema_json": "[{\"name\":\"expenseDate\",\"type\":\"date_time\",\"optional\":false,\"control_type\":\"text\"},{\"name\":\"Description\",\"type\":\"string\",\"optional\":false,\"control_type\":\"text\"},{\"name\":\"totalAmount\",\"type\":\"number\",\"optional\":false,\"control_type\":\"number\"},{\"name\":\"Currency\",\"type\":\"string\",\"optional\":false,\"control_type\":\"text\"},{\"name\":\"vendor\",\"type\":\"string\",\"optional\":false,\"control_type\":\"text\"},{\"name\":\"invoice_serial_number\",\"type\":\"string\",\"optional\":false,\"control_type\":\"text\"}]"
        },
        "extended_output_schema": [
          {
            "label": "Rows",
            "name": "rows",
            "of": "object",
            "properties": [
              {
                "control_type": "text",
                "label": "Expense date",
                "render_input": "date_time_conversion",
                "parse_output": "date_time_conversion",
                "name": "expenseDate",
                "type": "date_time",
                "optional": false
              },
              {
                "control_type": "text",
                "label": "Description",
                "name": "Description",
                "type": "string",
                "optional": false
              },
              {
                "control_type": "number",
                "label": "Total amount",
                "parse_output": "float_conversion",
                "name": "totalAmount",
                "type": "number",
                "optional": false
              },
              {
                "control_type": "text",
                "label": "Currency",
                "name": "Currency",
                "type": "string",
                "optional": false
              },
              {
                "control_type": "text",
                "label": "Vendor",
                "name": "vendor",
                "type": "string",
                "optional": false
              },
              {
                "control_type": "text",
                "label": "Invoice serial number",
                "name": "invoice_serial_number",
                "type": "string",
                "optional": false
              }
            ],
            "type": "array"
          }
        ],
        "uuid": "ca687db5-f762-4667-8f2a-c5ff5fa4a43a"
      },
      {
        "number": 7,
        "as": "191c792b",
        "keyword": "foreach",
        "dynamicPickListSelection": {
        },
        "toggleCfg": {
        },
        "repeat_mode": "simple",
        "clear_scope": "false",
        "input": {
        },
        "block": [
          {
            "number": 8,
            "provider": "travel_perk_connector_564885_1661443229",
            "name": "get_invoice",
            "as": "1bf1744a",
            "title": null,
            "description": null,
            "keyword": "action",
            "dynamicPickListSelection": {
            },
            "toggleCfg": {
            },
            "input": {
              "invoice_serial_number": "#{_('data.foreach.191c792b.invoice_serial_number')}"
            },
            "extended_output_schema": [
              {
                "label": "Data",
                "name": "data",
                "of": "object",
                "optional": true,
                "properties": [
                  {
                    "control_type": "text",
                    "label": "PDF",
                    "optional": true,
                    "type": "string",
                    "name": "pdf"
                  }
                ],
                "type": "array"
              }
            ],
            "uuid": "339c90d4-bed2-4594-b46f-ccbccadce9e3"
          },
          {
            "number": 9,
            "provider": "fyle_prod_connector_564885_1678964478",
            "name": "post_expenses",
            "as": "a703fd3f",
            "title": null,
            "description": null,
            "keyword": "action",
            "dynamicPickListSelection": {
            },
            "toggleCfg": {
            },
            "input": {
              "data": {
                "spent_at": "#{_('data.foreach.191c792b.expenseDate')}",
                "purpose": "#{_('data.foreach.191c792b.Description')}",
                "currency": "#{_('data.foreach.191c792b.Currency')}",
                "claim_amount": "#{_('data.foreach.191c792b.totalAmount')}",
                "merchant": "#{_('data.foreach.191c792b.vendor')}",
                "is_reimbursable": "false"
              }
            },
            "extended_output_schema": [
              {
                "label": "Data",
                "name": "data",
                "of": "object",
                "optional": true,
                "properties": [
                  {
                    "control_type": "text",
                    "label": "ID",
                    "optional": true,
                    "type": "string",
                    "name": "id"
                  },
                  {
                    "control_type": "text",
                    "label": "User ID",
                    "optional": true,
                    "type": "string",
                    "name": "user_id"
                  },
                  {
                    "control_type": "text",
                    "label": "User email",
                    "optional": true,
                    "type": "string",
                    "name": "user_email"
                  },
                  {
                    "control_type": "text",
                    "label": "User full name",
                    "optional": true,
                    "type": "string",
                    "name": "user_full_name"
                  },
                  {
                    "control_type": "text",
                    "label": "Org ID",
                    "optional": true,
                    "type": "string",
                    "name": "org_id"
                  },
                  {
                    "control_type": "text",
                    "label": "Created at",
                    "render_input": "date_time_conversion",
                    "parse_output": "date_time_conversion",
                    "optional": true,
                    "type": "date_time",
                    "name": "created_at"
                  },
                  {
                    "control_type": "text",
                    "label": "Updated at",
                    "render_input": "date_time_conversion",
                    "parse_output": "date_time_conversion",
                    "optional": true,
                    "type": "date_time",
                    "name": "updated_at"
                  },
                  {
                    "control_type": "text",
                    "label": "Spent at",
                    "render_input": "date_time_conversion",
                    "parse_output": "date_time_conversion",
                    "optional": true,
                    "type": "date_time",
                    "name": "spent_at"
                  },
                  {
                    "control_type": "text",
                    "label": "Source",
                    "optional": true,
                    "type": "string",
                    "name": "source"
                  },
                  {
                    "control_type": "text",
                    "label": "Merchant",
                    "optional": true,
                    "type": "string",
                    "name": "merchant"
                  },
                  {
                    "control_type": "text",
                    "label": "Currency",
                    "optional": true,
                    "type": "string",
                    "name": "currency"
                  },
                  {
                    "control_type": "number",
                    "label": "Amount",
                    "parse_output": "float_conversion",
                    "optional": true,
                    "type": "number",
                    "name": "amount"
                  },
                  {
                    "control_type": "text",
                    "label": "Foreign currency",
                    "optional": true,
                    "type": "string",
                    "name": "foreign_currency"
                  },
                  {
                    "control_type": "number",
                    "label": "Foreign amount",
                    "parse_output": "float_conversion",
                    "optional": true,
                    "type": "number",
                    "name": "foreign_amount"
                  },
                  {
                    "control_type": "text",
                    "label": "Purpose",
                    "optional": true,
                    "type": "string",
                    "name": "purpose"
                  },
                  {
                    "control_type": "number",
                    "label": "Cost center ID",
                    "parse_output": "float_conversion",
                    "optional": true,
                    "type": "number",
                    "name": "cost_center_id"
                  },
                  {
                    "control_type": "text",
                    "label": "Cost center name",
                    "optional": true,
                    "type": "string",
                    "name": "cost_center_name"
                  },
                  {
                    "control_type": "text",
                    "label": "Cost center code",
                    "optional": true,
                    "type": "string",
                    "name": "cost_center_code"
                  },
                  {
                    "control_type": "number",
                    "label": "Category ID",
                    "parse_output": "float_conversion",
                    "optional": true,
                    "type": "number",
                    "name": "category_id"
                  },
                  {
                    "control_type": "text",
                    "label": "Category name",
                    "optional": true,
                    "type": "string",
                    "name": "category_name"
                  },
                  {
                    "control_type": "text",
                    "label": "Sub category",
                    "optional": true,
                    "type": "string",
                    "name": "sub_category"
                  },
                  {
                    "control_type": "text",
                    "label": "Category code",
                    "optional": true,
                    "type": "string",
                    "name": "category_code"
                  },
                  {
                    "control_type": "number",
                    "label": "Project ID",
                    "parse_output": "float_conversion",
                    "optional": true,
                    "type": "number",
                    "name": "project_id"
                  },
                  {
                    "control_type": "text",
                    "label": "Project name",
                    "optional": true,
                    "type": "string",
                    "name": "project_name"
                  },
                  {
                    "control_type": "text",
                    "label": "Sub project",
                    "optional": true,
                    "type": "string",
                    "name": "sub_project"
                  },
                  {
                    "control_type": "text",
                    "label": "Project code",
                    "optional": true,
                    "type": "string",
                    "name": "project_code"
                  },
                  {
                    "control_type": "text",
                    "label": "Source account ID",
                    "optional": true,
                    "type": "string",
                    "name": "source_account_id"
                  },
                  {
                    "control_type": "text",
                    "label": "Source account type",
                    "optional": true,
                    "type": "string",
                    "name": "source_account_type"
                  },
                  {
                    "control_type": "number",
                    "label": "Tax amount",
                    "parse_output": "float_conversion",
                    "optional": true,
                    "type": "number",
                    "name": "tax_amount"
                  },
                  {
                    "control_type": "text",
                    "label": "Tax group ID",
                    "optional": true,
                    "type": "string",
                    "name": "tax_group_id"
                  },
                  {
                    "control_type": "text",
                    "label": "Is billable",
                    "parse_output": {
                    },
                    "render_input": {
                    },
                    "toggle_hint": "Select from option list",
                    "toggle_field": {
                      "label": "Is billable",
                      "control_type": "text",
                      "toggle_hint": "Use custom value",
                      "type": "boolean",
                      "name": "is_billable"
                    },
                    "optional": true,
                    "type": "number",
                    "name": "is_billable"
                  },
                  {
                    "control_type": "text",
                    "label": "Is reimbursable",
                    "parse_output": {
                    },
                    "render_input": {
                    },
                    "toggle_hint": "Select from option list",
                    "toggle_field": {
                      "label": "Is reimbursable",
                      "control_type": "text",
                      "toggle_hint": "Use custom value",
                      "type": "boolean",
                      "name": "is_reimbursable"
                    },
                    "optional": true,
                    "type": "number",
                    "name": "is_reimbursable"
                  },
                  {
                    "control_type": "text",
                    "label": "Code",
                    "optional": true,
                    "type": "string",
                    "name": "code"
                  },
                  {
                    "control_type": "text",
                    "label": "State",
                    "optional": true,
                    "type": "string",
                    "name": "state"
                  },
                  {
                    "control_type": "text",
                    "label": "Seq num",
                    "optional": true,
                    "type": "string",
                    "name": "seq_num"
                  },
                  {
                    "control_type": "text",
                    "label": "Added to report at",
                    "render_input": "date_time_conversion",
                    "parse_output": "date_time_conversion",
                    "optional": true,
                    "type": "date_time",
                    "name": "added_to_report_at"
                  },
                  {
                    "control_type": "text",
                    "label": "Report ID",
                    "optional": true,
                    "type": "string",
                    "name": "report_id"
                  },
                  {
                    "control_type": "text",
                    "label": "Report last approved at",
                    "render_input": "date_time_conversion",
                    "parse_output": "date_time_conversion",
                    "optional": true,
                    "type": "date_time",
                    "name": "report_last_approved_at"
                  },
                  {
                    "control_type": "text",
                    "label": "Report last submitted at",
                    "render_input": "date_time_conversion",
                    "parse_output": "date_time_conversion",
                    "optional": true,
                    "type": "date_time",
                    "name": "report_last_submitted_at"
                  },
                  {
                    "control_type": "text",
                    "label": "Report seq num",
                    "optional": true,
                    "type": "string",
                    "name": "report_seq_num"
                  },
                  {
                    "control_type": "text",
                    "label": "Report title",
                    "optional": true,
                    "type": "string",
                    "name": "report_title"
                  },
                  {
                    "control_type": "text",
                    "label": "Report state",
                    "optional": true,
                    "type": "string",
                    "name": "report_state"
                  },
                  {
                    "control_type": "text",
                    "label": "Report settlement ID",
                    "optional": true,
                    "type": "string",
                    "name": "report_settlement_id"
                  },
                  {
                    "control_type": "text",
                    "label": "Report last paid at",
                    "render_input": "date_time_conversion",
                    "parse_output": "date_time_conversion",
                    "optional": true,
                    "type": "date_time",
                    "name": "report_last_paid_at"
                  },
                  {
                    "control_type": "text",
                    "label": "Is verified",
                    "parse_output": {
                    },
                    "render_input": {
                    },
                    "toggle_hint": "Select from option list",
                    "toggle_field": {
                      "label": "Is verified",
                      "control_type": "text",
                      "toggle_hint": "Use custom value",
                      "type": "boolean",
                      "name": "is_verified"
                    },
                    "optional": true,
                    "type": "number",
                    "name": "is_verified"
                  },
                  {
                    "control_type": "text",
                    "label": "Last verified at",
                    "render_input": "date_time_conversion",
                    "parse_output": "date_time_conversion",
                    "optional": true,
                    "type": "date_time",
                    "name": "last_verified_at"
                  },
                  {
                    "control_type": "text",
                    "label": "Is exported",
                    "parse_output": {
                    },
                    "render_input": {
                    },
                    "toggle_hint": "Select from option list",
                    "toggle_field": {
                      "label": "Is exported",
                      "control_type": "text",
                      "toggle_hint": "Use custom value",
                      "type": "boolean",
                      "name": "is_exported"
                    },
                    "optional": true,
                    "type": "number",
                    "name": "is_exported"
                  },
                  {
                    "control_type": "text",
                    "label": "Last exported at",
                    "render_input": "date_time_conversion",
                    "parse_output": "date_time_conversion",
                    "optional": true,
                    "type": "date_time",
                    "name": "last_exported_at"
                  },
                  {
                    "control_type": "text",
                    "label": "Employee ID",
                    "optional": true,
                    "type": "string",
                    "name": "employee_id"
                  },
                  {
                    "control_type": "text",
                    "label": "Employee code",
                    "optional": true,
                    "type": "string",
                    "name": "employee_code"
                  },
                  {
                    "control_type": "text",
                    "label": "Employee department ID",
                    "optional": true,
                    "type": "string",
                    "name": "employee_department_id"
                  },
                  {
                    "control_type": "text",
                    "label": "Employee department code",
                    "optional": true,
                    "type": "string",
                    "name": "employee_department_code"
                  },
                  {
                    "control_type": "text",
                    "label": "Employee department name",
                    "optional": true,
                    "type": "string",
                    "name": "employee_department_name"
                  },
                  {
                    "control_type": "text",
                    "label": "Employee sub department name",
                    "optional": true,
                    "type": "string",
                    "name": "employee_sub_department_name"
                  },
                  {
                    "control_type": "text",
                    "label": "Is corporate card transaction auto matched",
                    "parse_output": {
                    },
                    "render_input": {
                    },
                    "toggle_hint": "Select from option list",
                    "toggle_field": {
                      "label": "Is corporate card transaction auto matched",
                      "control_type": "text",
                      "toggle_hint": "Use custom value",
                      "type": "boolean",
                      "name": "is_corporate_card_transaction_auto_matched"
                    },
                    "optional": true,
                    "type": "number",
                    "name": "is_corporate_card_transaction_auto_matched"
                  },
                  {
                    "control_type": "text",
                    "label": "Corporate card ID",
                    "optional": true,
                    "type": "string",
                    "name": "corporate_card_id"
                  },
                  {
                    "control_type": "text",
                    "label": "Corporate card number",
                    "optional": true,
                    "type": "string",
                    "name": "corporate_card_number"
                  },
                  {
                    "control_type": "text",
                    "label": "Last settled at",
                    "render_input": "date_time_conversion",
                    "parse_output": "date_time_conversion",
                    "optional": true,
                    "type": "date_time",
                    "name": "last_settled_at"
                  },
                  {
                    "control_type": "text",
                    "label": "Cluster Domain",
                    "optional": true,
                    "type": "string",
                    "name": "cluster_domain"
                  }
                ],
                "type": "array"
              }
            ],
            "uuid": "b7946e13-2020-4f3c-81b1-1ccafe332129",
            "skip": false
          },
          {
            "number": 10,
            "provider": "lookup_table",
            "name": "add_entry",
            "as": "8cce30c4",
            "title": null,
            "description": "\n      Add\n      <span class=\"provider\">entry</span>\n      to\n      <span class=\"provider\">TravelPerk - Exported Invoices</span>\n      lookup table\n    ",
            "keyword": "action",
            "dynamicPickListSelection": {
              "lookup_table_id": "TravelPerk - Exported Invoices"
            },
            "toggleCfg": {
            },
            "input": {
              "lookup_table_id": {
                "zip_name": "travelperk_exported_invoices.lookup_table.json",
                "name": "TravelPerk - Exported Invoices",
                "folder": ""
              },
              "parameters": {
                "col1": "#{_('data.foreach.191c792b.invoice_serial_number')}"
              }
            },
            "extended_output_schema": [
              {
                "control_type": "number",
                "label": "Entry ID",
                "name": "id",
                "type": "integer",
                "parse_output": "integer_conversion"
              },
              {
                "label": "Entry",
                "name": "entry",
                "properties": [
                  {
                    "control_type": "text",
                    "label": "InvoiceNumber",
                    "name": "col1",
                    "type": "string",
                    "sticky": true
                  }
                ],
                "type": "object"
              }
            ],
            "extended_input_schema": [
              {
                "hint": "Fill the fields for the new entry",
                "label": "Entry fields",
                "name": "parameters",
                "properties": [
                  {
                    "control_type": "text",
                    "label": "InvoiceNumber",
                    "name": "col1",
                    "type": "string",
                    "sticky": true,
                    "optional": true
                  }
                ],
                "type": "object"
              }
            ],
            "uuid": "358ed8c9-0279-41bf-b32b-6dc4f6218d08"
          },
          {
            "number": 11,
            "provider": "fyle_prod_connector_564885_1678964478",
            "name": "post_file",
            "as": "e25c95e7",
            "title": null,
            "description": null,
            "keyword": "action",
            "dynamicPickListSelection": {
            },
            "toggleCfg": {
            },
            "input": {
              "data": {
                "name": "=_('data.foreach.191c792b.invoice_serial_number') + '.pdf'",
                "type": "RECEIPT"
              }
            },
            "extended_output_schema": [
              {
                "label": "Data",
                "name": "data",
                "of": "object",
                "optional": true,
                "properties": [
                  {
                    "control_type": "text",
                    "label": "ID",
                    "optional": true,
                    "type": "string",
                    "name": "id"
                  },
                  {
                    "control_type": "text",
                    "label": "Name",
                    "optional": true,
                    "type": "string",
                    "name": "name"
                  },
                  {
                    "control_type": "text",
                    "label": "Content Type",
                    "optional": true,
                    "type": "string",
                    "name": "content_type"
                  }
                ],
                "type": "array"
              }
            ],
            "uuid": "41a4e708-b04c-4c9d-8289-ed93dbb7d449"
          },
          {
            "number": 12,
            "provider": "fyle_prod_connector_564885_1678964478",
            "name": "generate_upload_url",
            "as": "deeaba8d",
            "title": null,
            "description": null,
            "keyword": "action",
            "dynamicPickListSelection": {
            },
            "toggleCfg": {
            },
            "input": {
              "data": {
                "____source": "#{_('data.fyle_prod_connector_564885_1678964478.e25c95e7.data')}",
                "id": "#{_('data.fyle_prod_connector_564885_1678964478.e25c95e7.data.first.id')}"
              }
            },
            "extended_output_schema": [
              {
                "label": "Data",
                "name": "data",
                "of": "object",
                "optional": true,
                "properties": [
                  {
                    "control_type": "text",
                    "label": "Content type",
                    "optional": true,
                    "type": "string",
                    "name": "content_type"
                  },
                  {
                    "control_type": "text",
                    "label": "Download URL",
                    "optional": true,
                    "type": "string",
                    "name": "download_url"
                  },
                  {
                    "control_type": "text",
                    "label": "ID",
                    "optional": true,
                    "type": "string",
                    "name": "id"
                  },
                  {
                    "control_type": "text",
                    "label": "Name",
                    "optional": true,
                    "type": "string",
                    "name": "name"
                  },
                  {
                    "control_type": "text",
                    "label": "Upload URL",
                    "optional": true,
                    "type": "string",
                    "name": "upload_url"
                  }
                ],
                "type": "array"
              }
            ],
            "uuid": "8addc3de-6ff9-4da1-9f95-fb84a99332db"
          },
          {
            "number": 13,
            "provider": "file_connector",
            "name": "read_file",
            "as": "3488a3b1",
            "title": null,
            "description": null,
            "keyword": "action",
            "dynamicPickListSelection": {
            },
            "toggleCfg": {
              "base64_encode": true,
              "is_large": true
            },
            "input": {
              "base64_encode": "false",
              "is_large": "false",
              "url": "=_('data.travel_perk_connector_564885_1661443229.1bf1744a')[\"data\"][0][\"pdf\"]"
            },
            "uuid": "e867a094-7397-41e7-a6a2-e7262b79cd31"
          },
          {
            "number": 14,
            "provider": "rest",
            "name": "make_request_v2",
            "as": "d87de0ef",
            "title": "Load File to S3 URL",
            "description": "<span class=\"provider\">Load file to s3 url</span> via <span class=\"provider\">HTTP</span>",
            "keyword": "action",
            "dynamicPickListSelection": {
            },
            "toggleCfg": {
              "response.ignore_http_errors": true
            },
            "input": {
              "request_name": "Load File to S3 URL",
              "request": {
                "method": "PUT",
                "content_type": "application/octet-stream",
                "url": "=_('data.fyle_prod_connector_564885_1678964478.deeaba8d')[\"data\"][\"upload_url\"]",
                "body": "#{_('data.file_connector.3488a3b1.body')}",
                "headers": [
                  {
                    "header": "Content-Type",
                    "value": "application/pdf"
                  }
                ]
              },
              "response": {
                "output_type": "json",
                "expected_encoding": "UTF-8",
                "ignore_http_errors": "false",
                "headers_schema": "[{\"name\":\"status\",\"type\":\"string\",\"optional\":true,\"control_type\":\"text\"}]"
              }
            },
            "extended_output_schema": [
              {
                "label": "Headers",
                "name": "headers",
                "properties": [
                  {
                    "control_type": "text",
                    "label": "Status",
                    "name": "status",
                    "type": "string",
                    "optional": true
                  }
                ],
                "type": "object"
              },
              {
                "label": "Response",
                "name": "response",
                "properties": [

                ],
                "type": "object"
              }
            ],
            "extended_input_schema": [
              {
                "label": "Response",
                "name": "response",
                "override": true,
                "properties": [
                  {
                    "control_type": "select",
                    "label": "Response content type",
                    "pick_list": [
                      [
                        "Text",
                        "rawdatatxt"
                      ],
                      [
                        "Binary",
                        "rawdata"
                      ],
                      [
                        "JSON",
                        "json"
                      ],
                      [
                        "XML",
                        "xml2"
                      ]
                    ],
                    "hint": "Select expected format of data response type, e.g. JSON or XML. <a href=\"https://docs.workato.com/developing-connectors/http.html#response-type\" target=\"_blank\">Learn more</a>",
                    "default": "json",
                    "extends_schema": true,
                    "type": "string",
                    "name": "output_type"
                  },
                  {
                    "control_type": "select",
                    "label": "Encoding",
                    "pick_list": "supported_encodings_without_binary_global_pick_list",
                    "pick_list_connection_less": true,
                    "optional": true,
                    "default": "UTF-8",
                    "hint": "Default encoding type is set to UTF-8, and typically doesn't need to be changed. <a href=\"https://docs.workato.com/developing-connectors/http.html#response-type\" target=\"_blank\">Learn more</a>",
                    "type": "string",
                    "name": "expected_encoding"
                  },
                  {
                    "control_type": "schema-designer",
                    "label": "Response schema",
                    "sample_data_type": "json_http",
                    "extends_schema": true,
                    "empty_schema_title": "Describe all fields in your response.",
                    "optional": true,
                    "sticky": true,
                    "type": "string",
                    "name": "response_schema"
                  },
                  {
                    "control_type": "schema-designer",
                    "label": "HTTP response headers",
                    "extends_schema": true,
                    "empty_schema_title": "Describe all the response headers",
                    "optional": true,
                    "sticky": true,
                    "type": "string",
                    "name": "headers_schema"
                  },
                  {
                    "control_type": "checkbox",
                    "label": "Mark non-2xx response codes as success?",
                    "render_input": {
                    },
                    "parse_output": {
                    },
                    "toggle_hint": "Select from option list",
                    "toggle_field": {
                      "label": "Mark non-2xx response codes as success?",
                      "control_type": "text",
                      "toggle_hint": "Use custom value",
                      "default": false,
                      "hint": "If <b>yes</b>, non 2xx response codes returned will be marked as a successful action. If <b>no</b>, non 2xx response codes returned will be marked as an error.",
                      "optional": true,
                      "type": "boolean",
                      "name": "ignore_http_errors"
                    },
                    "default": "false",
                    "hint": "If <b>yes</b>, non 2xx response codes returned will be marked as a successful action. If <b>no</b>, non 2xx response codes returned will be marked as an error.",
                    "optional": true,
                    "type": "boolean",
                    "name": "ignore_http_errors"
                  }
                ],
                "type": "object"
              }
            ],
            "uuid": "3654366e-22eb-4e60-812c-6990b07d7ad4",
            "wizardFinished": true,
            "skip": false
          },
          {
            "number": 15,
            "provider": "fyle_prod_connector_564885_1678964478",
            "name": "attach_receipt_to_expense",
            "as": "cc5f9090",
            "title": null,
            "description": null,
            "keyword": "action",
            "dynamicPickListSelection": {
            },
            "toggleCfg": {
            },
            "input": {
              "data": {
                "id": "=_('data.fyle_prod_connector_564885_1678964478.a703fd3f')['data']['id']",
                "file_id": "=_('data.fyle_prod_connector_564885_1678964478.deeaba8d')['data']['id']"
              }
            },
            "uuid": "8f77a186-c383-4101-9d21-86f7fd5a8547",
            "skip": false
          }
        ],
        "source": "#{_('data.workato_smart_list.2249422e.rows')}",
        "uuid": "997050e0-0505-4dff-847b-0c94b61d1f23"
      },
      {
        "number": 16,
        "keyword": "stop",
        "dynamicPickListSelection": {
        },
        "toggleCfg": {
        },
        "input": {
          "stop_with_error": "false"
        },
        "uuid": "9ec72d53-7038-4b6e-ab8f-5f52f94088fc"
      }
    ],
    "uuid": "a32ce5a4-5565-4f85-a5e3-9caa6bcd3394"
  },
  "config": [
    {
      "keyword": "application",
      "provider": "clock",
      "skip_validation": false,
      "account_id": null
    },
    {
      "keyword": "application",
      "provider": "travel_perk_connector_564885_1661443229",
      "skip_validation": false,
      "account_id": {
        "zip_name": "travelperk_connection.connection.json",
        "name": "TravelPerk Connection",
        "folder": "",
        "custom": true
      }
    },
    {
      "keyword": "application",
      "provider": "workato_smart_list",
      "skip_validation": false,
      "account_id": null
    },
    {
      "keyword": "application",
      "provider": "file_connector",
      "skip_validation": false,
      "account_id": null
    },
    {
      "keyword": "application",
      "provider": "rest",
      "skip_validation": false,
      "account_id": {
        "zip_name": "s3_connection.connection.json",
        "name": "S3 Connection",
        "folder": ""
      }
    },
    {
      "keyword": "application",
      "provider": "fyle_prod_connector_564885_1678964478",
      "skip_validation": false,
      "account_id": {
        "zip_name": "Connections/fyle_common_connection.connection.json",
        "name": "Fyle Common Connection",
        "folder": "Connections",
        "custom": true
      }
    },
    {
      "keyword": "application",
      "provider": "lookup_table",
      "skip_validation": false,
      "account_id": null
    },
    {
      "keyword": "application",
      "provider": "workato_variable",
      "skip_validation": false,
      "account_id": null
    }
  ]
}