{
  "name": "Bamboo HR",
  "description": "When there is a trigger on a specified schedule, do action",
  "version": 146,
  "private": true,
  "concurrency": 1,
  "code": {
    "number": 0,
    "provider": "clock",
    "name": "scheduled_event",
    "as": "8d332dd6",
    "title": null,
    "description": "<span class=\"provider\">Trigger</span> every 5 minutes",
    "keyword": "trigger",
    "dynamicPickListSelection": {
    },
    "toggleCfg": {
    },
    "input": {
      "time_unit": "minutes",
      "trigger_every": "5"
    },
    "extended_input_schema": [
      {
        "type": "string",
        "name": "trigger_every",
        "control_type": "integer",
        "label": "Trigger every",
        "hint": "Define repeating schedule. Enter whole numbers only.\n                        This field can be set to a minimum of 5 minutes.",
        "default": "5",
        "optional": false,
        "extends_schema": true
      },
      {
        "type": "date_time",
        "name": "start_after",
        "control_type": "date_time",
        "label": "Start after",
        "hint": "Set date and time to start or leave blank to start immediately. <b>Once recipe has been run or tested, value cannot be changed.</b>",
        "optional": true,
        "extends_schema": true,
        "since_field": true,
        "render_input": "date_time_conversion",
        "parse_output": "date_time_conversion"
      }
    ],
    "block": [
      {
        "number": 1,
        "provider": "rest",
        "name": "make_request_v2",
        "as": "c50cb6ba",
        "title": "Get Reports",
        "description": "<span class=\"provider\">Get reports</span> via <span class=\"provider\">HTTP</span>",
        "keyword": "action",
        "dynamicPickListSelection": {
        },
        "toggleCfg": {
          "response.ignore_http_errors": true
        },
        "input": {
          "request_name": "Get Reports",
          "request": {
            "method": "POST",
            "content_type": "application/json",
            "url": "https://api.bamboohr.com/api/gateway.php/fyletest/v1/reports/custom?format=JSON&onlyCurrent=false",
            "body": "{\n     \"fields\": [\n          \"displayName\",\n          \"firstName\",\n          \"lastName\",\n          \"workEmail\",\n          \"supervisorEmail\",\n          \"status\"\n     ],\n     \"title\": \"Employees\"\n}\n"
          },
          "response": {
            "output_type": "json",
            "expected_encoding": "UTF-8",
            "ignore_http_errors": "false",
            "response_schema": "[{\"name\":\"fields\",\"type\":\"array\",\"of\":\"object\",\"label\":\"Fields\",\"properties\":[{\"control_type\":\"text\",\"label\":\"ID\",\"type\":\"string\",\"name\":\"id\"},{\"control_type\":\"text\",\"label\":\"Type\",\"type\":\"string\",\"name\":\"type\"},{\"control_type\":\"text\",\"label\":\"Name\",\"type\":\"string\",\"name\":\"name\"}]},{\"name\":\"employees\",\"type\":\"array\",\"of\":\"object\",\"label\":\"Employees\",\"properties\":[{\"control_type\":\"text\",\"label\":\"ID\",\"type\":\"string\",\"name\":\"id\"},{\"control_type\":\"text\",\"label\":\"Display name\",\"type\":\"string\",\"name\":\"displayName\"},{\"control_type\":\"text\",\"label\":\"First name\",\"type\":\"string\",\"name\":\"firstName\"},{\"control_type\":\"text\",\"label\":\"Last name\",\"type\":\"string\",\"name\":\"lastName\"},{\"control_type\":\"text\",\"label\":\"Preferred name\",\"type\":\"string\",\"name\":\"preferredName\"},{\"control_type\":\"text\",\"label\":\"Job title\",\"type\":\"string\",\"name\":\"jobTitle\"},{\"control_type\":\"text\",\"label\":\"Work phone\",\"type\":\"string\",\"name\":\"workPhone\"},{\"control_type\":\"text\",\"label\":\"Mobile phone\",\"type\":\"string\",\"name\":\"mobilePhone\"},{\"control_type\":\"text\",\"label\":\"Work email\",\"type\":\"string\",\"name\":\"workEmail\"},{\"control_type\":\"text\",\"label\":\"Department\",\"type\":\"string\",\"name\":\"department\"},{\"control_type\":\"text\",\"label\":\"Location\",\"type\":\"string\",\"name\":\"location\"},{\"control_type\":\"text\",\"label\":\"Division\",\"type\":\"string\",\"name\":\"division\"},{\"control_type\":\"text\",\"label\":\"Linked in\",\"type\":\"string\",\"name\":\"linkedIn\"},{\"control_type\":\"text\",\"label\":\"Instagram\",\"type\":\"string\",\"name\":\"instagram\"},{\"control_type\":\"text\",\"label\":\"Pronouns\",\"type\":\"string\",\"name\":\"pronouns\"},{\"control_type\":\"text\",\"label\":\"Work phone extension\",\"type\":\"string\",\"name\":\"workPhoneExtension\"},{\"control_type\":\"text\",\"label\":\"Supervisor\",\"type\":\"string\",\"name\":\"supervisorEmail\",\"optional\":false},{\"control_type\":\"text\",\"label\":\"Photo uploaded\",\"render_input\":{},\"parse_output\":{},\"toggle_hint\":\"Select from option list\",\"toggle_field\":{\"label\":\"Photo uploaded\",\"control_type\":\"text\",\"toggle_hint\":\"Use custom value\",\"type\":\"boolean\",\"name\":\"photoUploaded\"},\"type\":\"boolean\",\"name\":\"photoUploaded\"},{\"control_type\":\"text\",\"label\":\"Photo URL\",\"type\":\"string\",\"name\":\"photoUrl\"},{\"control_type\":\"number\",\"label\":\"Can upload photo\",\"parse_output\":\"float_conversion\",\"type\":\"number\",\"name\":\"canUploadPhoto\"}]}]"
          }
        },
        "extended_output_schema": [
          {
            "type": "object",
            "name": "headers",
            "label": "Headers",
            "properties": [

            ]
          },
          {
            "type": "object",
            "name": "response",
            "label": "Response",
            "properties": [
              {
                "name": "fields",
                "type": "array",
                "of": "object",
                "label": "Fields",
                "properties": [
                  {
                    "control_type": "text",
                    "label": "ID",
                    "type": "string",
                    "name": "id"
                  },
                  {
                    "control_type": "text",
                    "label": "Type",
                    "type": "string",
                    "name": "type"
                  },
                  {
                    "control_type": "text",
                    "label": "Name",
                    "type": "string",
                    "name": "name"
                  }
                ]
              },
              {
                "name": "employees",
                "type": "array",
                "of": "object",
                "label": "Employees",
                "properties": [
                  {
                    "control_type": "text",
                    "label": "ID",
                    "type": "string",
                    "name": "id"
                  },
                  {
                    "control_type": "text",
                    "label": "Display name",
                    "type": "string",
                    "name": "displayName"
                  },
                  {
                    "control_type": "text",
                    "label": "First name",
                    "type": "string",
                    "name": "firstName"
                  },
                  {
                    "control_type": "text",
                    "label": "Last name",
                    "type": "string",
                    "name": "lastName"
                  },
                  {
                    "control_type": "text",
                    "label": "Preferred name",
                    "type": "string",
                    "name": "preferredName"
                  },
                  {
                    "control_type": "text",
                    "label": "Job title",
                    "type": "string",
                    "name": "jobTitle"
                  },
                  {
                    "control_type": "text",
                    "label": "Work phone",
                    "type": "string",
                    "name": "workPhone"
                  },
                  {
                    "control_type": "text",
                    "label": "Mobile phone",
                    "type": "string",
                    "name": "mobilePhone"
                  },
                  {
                    "control_type": "text",
                    "label": "Work email",
                    "type": "string",
                    "name": "workEmail"
                  },
                  {
                    "control_type": "text",
                    "label": "Department",
                    "type": "string",
                    "name": "department"
                  },
                  {
                    "control_type": "text",
                    "label": "Location",
                    "type": "string",
                    "name": "location"
                  },
                  {
                    "control_type": "text",
                    "label": "Division",
                    "type": "string",
                    "name": "division"
                  },
                  {
                    "control_type": "text",
                    "label": "Linked in",
                    "type": "string",
                    "name": "linkedIn"
                  },
                  {
                    "control_type": "text",
                    "label": "Instagram",
                    "type": "string",
                    "name": "instagram"
                  },
                  {
                    "control_type": "text",
                    "label": "Pronouns",
                    "type": "string",
                    "name": "pronouns"
                  },
                  {
                    "control_type": "text",
                    "label": "Work phone extension",
                    "type": "string",
                    "name": "workPhoneExtension"
                  },
                  {
                    "control_type": "text",
                    "label": "Supervisor",
                    "type": "string",
                    "name": "supervisorEmail",
                    "optional": false
                  },
                  {
                    "control_type": "text",
                    "label": "Photo uploaded",
                    "render_input": {
                    },
                    "parse_output": {
                    },
                    "toggle_hint": "Select from option list",
                    "toggle_field": {
                      "label": "Photo uploaded",
                      "control_type": "text",
                      "toggle_hint": "Use custom value",
                      "type": "boolean",
                      "name": "photoUploaded"
                    },
                    "type": "boolean",
                    "name": "photoUploaded"
                  },
                  {
                    "control_type": "text",
                    "label": "Photo URL",
                    "type": "string",
                    "name": "photoUrl"
                  },
                  {
                    "control_type": "number",
                    "label": "Can upload photo",
                    "parse_output": "float_conversion",
                    "type": "number",
                    "name": "canUploadPhoto"
                  }
                ]
              }
            ]
          }
        ],
        "extended_input_schema": [
          {
            "type": "object",
            "name": "response",
            "label": "Response",
            "properties": [
              {
                "control_type": "select",
                "label": "Response content type",
                "pick_list": [
                  [
                    "Text",
                    "rawdatatxt"
                  ],
                  [
                    "Binary",
                    "rawdata"
                  ],
                  [
                    "JSON",
                    "json"
                  ],
                  [
                    "XML",
                    "xml2"
                  ]
                ],
                "hint": "Select expected format of data response type, e.g. JSON or XML. <a href=\"https://docs.workato.com/developing-connectors/http.html#response-type\" target=\"_blank\">Learn more</a>",
                "default": "json",
                "extends_schema": true,
                "type": "string",
                "name": "output_type"
              },
              {
                "control_type": "select",
                "label": "Encoding",
                "pick_list": [
                  [
                    "UTF-8",
                    "UTF-8"
                  ],
                  [
                    "US-ASCII",
                    "US-ASCII"
                  ],
                  [
                    "UTF-16BE",
                    "UTF-16BE"
                  ],
                  [
                    "UTF-16LE",
                    "UTF-16LE"
                  ],
                  [
                    "UTF-32BE",
                    "UTF-32BE"
                  ],
                  [
                    "UTF-32LE",
                    "UTF-32LE"
                  ],
                  [
                    "UTF-16",
                    "UTF-16"
                  ],
                  [
                    "UTF-32",
                    "UTF-32"
                  ],
                  [
                    "UTF8-MAC",
                    "UTF8-MAC"
                  ],
                  [
                    "EUC-JP",
                    "EUC-JP"
                  ],
                  [
                    "Windows-31J",
                    "Windows-31J"
                  ],
                  [
                    "Big5",
                    "Big5"
                  ],
                  [
                    "Big5-HKSCS",
                    "Big5-HKSCS"
                  ],
                  [
                    "Big5-UAO",
                    "Big5-UAO"
                  ],
                  [
                    "CP949",
                    "CP949"
                  ],
                  [
                    "Emacs-Mule",
                    "Emacs-Mule"
                  ],
                  [
                    "EUC-KR",
                    "EUC-KR"
                  ],
                  [
                    "EUC-TW",
                    "EUC-TW"
                  ],
                  [
                    "GB2312",
                    "GB2312"
                  ],
                  [
                    "GB18030",
                    "GB18030"
                  ],
                  [
                    "GBK",
                    "GBK"
                  ],
                  [
                    "ISO-8859-1",
                    "ISO-8859-1"
                  ],
                  [
                    "ISO-8859-2",
                    "ISO-8859-2"
                  ],
                  [
                    "ISO-8859-3",
                    "ISO-8859-3"
                  ],
                  [
                    "ISO-8859-4",
                    "ISO-8859-4"
                  ],
                  [
                    "ISO-8859-5",
                    "ISO-8859-5"
                  ],
                  [
                    "ISO-8859-6",
                    "ISO-8859-6"
                  ],
                  [
                    "ISO-8859-7",
                    "ISO-8859-7"
                  ],
                  [
                    "ISO-8859-8",
                    "ISO-8859-8"
                  ],
                  [
                    "ISO-8859-9",
                    "ISO-8859-9"
                  ],
                  [
                    "ISO-8859-10",
                    "ISO-8859-10"
                  ],
                  [
                    "ISO-8859-11",
                    "ISO-8859-11"
                  ],
                  [
                    "ISO-8859-13",
                    "ISO-8859-13"
                  ],
                  [
                    "ISO-8859-14",
                    "ISO-8859-14"
                  ],
                  [
                    "ISO-8859-15",
                    "ISO-8859-15"
                  ],
                  [
                    "ISO-8859-16",
                    "ISO-8859-16"
                  ],
                  [
                    "KOI8-R",
                    "KOI8-R"
                  ],
                  [
                    "KOI8-U",
                    "KOI8-U"
                  ],
                  [
                    "Shift_JIS",
                    "Shift_JIS"
                  ],
                  [
                    "Windows-1250",
                    "Windows-1250"
                  ],
                  [
                    "Windows-1251",
                    "Windows-1251"
                  ],
                  [
                    "Windows-1252",
                    "Windows-1252"
                  ],
                  [
                    "Windows-1253",
                    "Windows-1253"
                  ],
                  [
                    "Windows-1254",
                    "Windows-1254"
                  ],
                  [
                    "Windows-1257",
                    "Windows-1257"
                  ],
                  [
                    "IBM437",
                    "IBM437"
                  ],
                  [
                    "IBM737",
                    "IBM737"
                  ],
                  [
                    "IBM775",
                    "IBM775"
                  ],
                  [
                    "CP850",
                    "CP850"
                  ],
                  [
                    "IBM852",
                    "IBM852"
                  ],
                  [
                    "CP852",
                    "CP852"
                  ],
                  [
                    "IBM855",
                    "IBM855"
                  ],
                  [
                    "CP855",
                    "CP855"
                  ],
                  [
                    "IBM857",
                    "IBM857"
                  ],
                  [
                    "IBM860",
                    "IBM860"
                  ],
                  [
                    "IBM861",
                    "IBM861"
                  ],
                  [
                    "IBM862",
                    "IBM862"
                  ],
                  [
                    "IBM863",
                    "IBM863"
                  ],
                  [
                    "IBM864",
                    "IBM864"
                  ],
                  [
                    "IBM865",
                    "IBM865"
                  ],
                  [
                    "IBM866",
                    "IBM866"
                  ],
                  [
                    "IBM869",
                    "IBM869"
                  ],
                  [
                    "Windows-1258",
                    "Windows-1258"
                  ],
                  [
                    "GB1988",
                    "GB1988"
                  ],
                  [
                    "macCentEuro",
                    "macCentEuro"
                  ],
                  [
                    "macCroatian",
                    "macCroatian"
                  ],
                  [
                    "macCyrillic",
                    "macCyrillic"
                  ],
                  [
                    "macGreek",
                    "macGreek"
                  ],
                  [
                    "macIceland",
                    "macIceland"
                  ],
                  [
                    "macRoman",
                    "macRoman"
                  ],
                  [
                    "macRomania",
                    "macRomania"
                  ],
                  [
                    "macThai",
                    "macThai"
                  ],
                  [
                    "macTurkish",
                    "macTurkish"
                  ],
                  [
                    "macUkraine",
                    "macUkraine"
                  ],
                  [
                    "CP950",
                    "CP950"
                  ],
                  [
                    "CP951",
                    "CP951"
                  ],
                  [
                    "IBM037",
                    "IBM037"
                  ],
                  [
                    "stateless-ISO-2022-JP",
                    "stateless-ISO-2022-JP"
                  ],
                  [
                    "eucJP-ms",
                    "eucJP-ms"
                  ],
                  [
                    "CP51932",
                    "CP51932"
                  ],
                  [
                    "EUC-JIS-2004",
                    "EUC-JIS-2004"
                  ],
                  [
                    "GB12345",
                    "GB12345"
                  ],
                  [
                    "ISO-2022-JP",
                    "ISO-2022-JP"
                  ],
                  [
                    "ISO-2022-JP-2",
                    "ISO-2022-JP-2"
                  ],
                  [
                    "CP50220",
                    "CP50220"
                  ],
                  [
                    "CP50221",
                    "CP50221"
                  ],
                  [
                    "Windows-1256",
                    "Windows-1256"
                  ],
                  [
                    "Windows-1255",
                    "Windows-1255"
                  ],
                  [
                    "TIS-620",
                    "TIS-620"
                  ],
                  [
                    "Windows-874",
                    "Windows-874"
                  ],
                  [
                    "MacJapanese",
                    "MacJapanese"
                  ],
                  [
                    "UTF-7",
                    "UTF-7"
                  ],
                  [
                    "UTF8-DoCoMo",
                    "UTF8-DoCoMo"
                  ],
                  [
                    "SJIS-DoCoMo",
                    "SJIS-DoCoMo"
                  ],
                  [
                    "UTF8-KDDI",
                    "UTF8-KDDI"
                  ],
                  [
                    "SJIS-KDDI",
                    "SJIS-KDDI"
                  ],
                  [
                    "ISO-2022-JP-KDDI",
                    "ISO-2022-JP-KDDI"
                  ],
                  [
                    "stateless-ISO-2022-JP-KDDI",
                    "stateless-ISO-2022-JP-KDDI"
                  ],
                  [
                    "UTF8-SoftBank",
                    "UTF8-SoftBank"
                  ],
                  [
                    "SJIS-SoftBank",
                    "SJIS-SoftBank"
                  ]
                ],
                "optional": true,
                "default": "UTF-8",
                "hint": "Default encoding type is set to UTF-8, and typically doesn't need to be changed. <a href=\"https://docs.workato.com/developing-connectors/http.html#expected-encoding\" target=\"_blank\">Learn more</a>",
                "type": "string",
                "name": "expected_encoding"
              },
              {
                "control_type": "schema-designer",
                "label": "Response schema",
                "sample_data_type": "json_http",
                "extends_schema": true,
                "empty_schema_title": "Describe all fields in your response.",
                "optional": true,
                "sticky": true,
                "type": "string",
                "name": "response_schema"
              },
              {
                "control_type": "schema-designer",
                "label": "HTTP response headers",
                "extends_schema": true,
                "empty_schema_title": "Describe all the response headers",
                "optional": true,
                "sticky": true,
                "type": "string",
                "name": "headers_schema"
              },
              {
                "control_type": "checkbox",
                "label": "Mark non-2xx response codes as success?",
                "render_input": {
                },
                "parse_output": {
                },
                "toggle_hint": "Select from option list",
                "toggle_field": {
                  "label": "Mark non-2xx response codes as success?",
                  "control_type": "text",
                  "toggle_hint": "Use custom value",
                  "default": false,
                  "hint": "If <b>yes</b>, non 2xx response codes returned will be marked as a successful action. If <b>no</b>, non 2xx response codes returned will be marked as an error.",
                  "optional": true,
                  "type": "boolean",
                  "name": "ignore_http_errors"
                },
                "default": "false",
                "hint": "If <b>yes</b>, non 2xx response codes returned will be marked as a successful action. If <b>no</b>, non 2xx response codes returned will be marked as an error.",
                "optional": true,
                "type": "boolean",
                "name": "ignore_http_errors"
              }
            ],
            "override": true
          }
        ],
        "uuid": "2255105f-74c7-464b-b074-63f1c4ba911b",
        "wizardFinished": true
      },
      {
        "number": 2,
        "provider": "lookup_table",
        "name": "add_batch_of_entries",
        "as": "02aea5a3",
        "title": null,
        "description": "\n      Add\n      <span class=\"provider\">entries</span>\n      to\n      <span class=\"provider\">Bamboo HR Employee</span>\n      lookup table\n    ",
        "keyword": "action",
        "dynamicPickListSelection": {
          "lookup_table_id": "Bamboo HR Employee"
        },
        "toggleCfg": {
        },
        "input": {
          "lookup_table_id": {
            "zip_name": "employees_details.lookup_table.json",
            "name": "Employees Details",
            "folder": ""
          },
          "entries": {
            "____source": "#{_('data.rest.c50cb6ba.response.employees')}",
            "parameters": {
              "col1": "#{_('data.rest.c50cb6ba.response.employees.first.displayName')}",
              "col2": "#{_('data.rest.c50cb6ba.response.employees.first.workEmail')}",
              "col3": "#{_('data.rest.c50cb6ba.response.employees.first.supervisorEmail')}"
            }
          }
        },
        "extended_input_schema": [
          {
            "type": "array",
            "name": "entries",
            "label": "Entries",
            "hint": "Provide an array of entries",
            "of": "object",
            "properties": [
              {
                "label": "Entry fields",
                "hint": "Fill the fields for the new entry",
                "type": "object",
                "name": "parameters",
                "properties": [
                  {
                    "control_type": "text",
                    "label": " Name",
                    "name": "col1",
                    "type": "string",
                    "sticky": true,
                    "optional": true
                  },
                  {
                    "control_type": "text",
                    "label": "Email",
                    "name": "col2",
                    "type": "string",
                    "sticky": true,
                    "optional": true
                  },
                  {
                    "control_type": "text",
                    "label": "Superviser",
                    "name": "col3",
                    "type": "string",
                    "sticky": true,
                    "optional": true
                  }
                ]
              }
            ]
          }
        ],
        "uuid": "c2ded405-cc6c-481a-b5cb-632c6f66ea15"
      },
      {
        "number": 3,
        "provider": "workato_smart_list",
        "name": "create_list",
        "as": "6b4aab74",
        "title": null,
        "description": "Create <span class=\"provider\">employeesi</span> list in <span class=\"provider\">Collection</span>",
        "keyword": "action",
        "dynamicPickListSelection": {
        },
        "toggleCfg": {
        },
        "input": {
          "list_source": "=_('data.rest.c50cb6ba.response.employees')",
          "list_name": "employeesi"
        },
        "extended_output_schema": [
          {
            "type": "string",
            "name": "list_name",
            "control_type": "text",
            "label": "employeesi"
          },
          {
            "type": "object",
            "name": "columns",
            "label": "Columns",
            "properties": [
              {
                "control_type": "text",
                "label": "ID",
                "list_data_type": "string",
                "type": "string",
                "name": "id"
              },
              {
                "control_type": "text",
                "label": "Display name",
                "list_data_type": "string",
                "type": "string",
                "name": "displayName"
              },
              {
                "control_type": "text",
                "label": "First name",
                "list_data_type": "string",
                "type": "string",
                "name": "firstName"
              },
              {
                "control_type": "text",
                "label": "Last name",
                "list_data_type": "string",
                "type": "string",
                "name": "lastName"
              },
              {
                "control_type": "text",
                "label": "Preferred name",
                "list_data_type": "string",
                "type": "string",
                "name": "preferredName"
              },
              {
                "control_type": "text",
                "label": "Job title",
                "list_data_type": "string",
                "type": "string",
                "name": "jobTitle"
              },
              {
                "control_type": "text",
                "label": "Work phone",
                "list_data_type": "string",
                "type": "string",
                "name": "workPhone"
              },
              {
                "control_type": "text",
                "label": "Mobile phone",
                "list_data_type": "string",
                "type": "string",
                "name": "mobilePhone"
              },
              {
                "control_type": "text",
                "label": "Work email",
                "list_data_type": "string",
                "type": "string",
                "name": "workEmail"
              },
              {
                "control_type": "text",
                "label": "Department",
                "list_data_type": "string",
                "type": "string",
                "name": "department"
              },
              {
                "control_type": "text",
                "label": "Location",
                "list_data_type": "string",
                "type": "string",
                "name": "location"
              },
              {
                "control_type": "text",
                "label": "Division",
                "list_data_type": "string",
                "type": "string",
                "name": "division"
              },
              {
                "control_type": "text",
                "label": "Linked in",
                "list_data_type": "string",
                "type": "string",
                "name": "linkedIn"
              },
              {
                "control_type": "text",
                "label": "Instagram",
                "list_data_type": "string",
                "type": "string",
                "name": "instagram"
              },
              {
                "control_type": "text",
                "label": "Pronouns",
                "list_data_type": "string",
                "type": "string",
                "name": "pronouns"
              },
              {
                "control_type": "text",
                "label": "Work phone extension",
                "list_data_type": "string",
                "type": "string",
                "name": "workPhoneExtension"
              },
              {
                "control_type": "text",
                "label": "Supervisor",
                "optional": false,
                "list_data_type": "string",
                "type": "string",
                "name": "supervisorEmail"
              },
              {
                "control_type": "text",
                "label": "Photo uploaded",
                "list_data_type": "boolean",
                "type": "string",
                "name": "photoUploaded"
              },
              {
                "control_type": "text",
                "label": "Photo URL",
                "list_data_type": "string",
                "type": "string",
                "name": "photoUrl"
              },
              {
                "control_type": "text",
                "label": "Can upload photo",
                "list_data_type": "number",
                "type": "string",
                "name": "canUploadPhoto"
              }
            ]
          },
          {
            "type": "integer",
            "name": "row_count",
            "control_type": "number",
            "label": "Row count",
            "parse_output": "integer_conversion"
          }
        ],
        "extended_input_schema": [
          {
            "type": "boolean",
            "name": "force",
            "control_type": "checkbox",
            "label": "Overwrite list?",
            "hint": "Select <b>Yes</b> to overwrite <b>employeesi</b> list if it already exists",
            "optional": true,
            "toggle_hint": "Select from option list",
            "toggle_field": {
              "label": "Overwrite list?",
              "control_type": "text",
              "toggle_hint": "Use custom value",
              "hint": "Select <b>Yes</b> to overwrite <b>employeesi</b> list if it already exists",
              "optional": true,
              "type": "boolean",
              "name": "force"
            },
            "render_input": {
            },
            "parse_output": {
            }
          },
          {
            "type": "string",
            "name": "primary_index",
            "control_type": "multiselect",
            "label": "Primary index",
            "hint": "Collections are like databases. Having index improves query performance. Select one or more fields from list source.",
            "sticky": true,
            "pick_list": [
              [
                "ID",
                "id"
              ],
              [
                "Display name",
                "displayName"
              ],
              [
                "First name",
                "firstName"
              ],
              [
                "Last name",
                "lastName"
              ],
              [
                "Preferred name",
                "preferredName"
              ],
              [
                "Job title",
                "jobTitle"
              ],
              [
                "Work phone",
                "workPhone"
              ],
              [
                "Mobile phone",
                "mobilePhone"
              ],
              [
                "Work email",
                "workEmail"
              ],
              [
                "Department",
                "department"
              ],
              [
                "Location",
                "location"
              ],
              [
                "Division",
                "division"
              ],
              [
                "Linked in",
                "linkedIn"
              ],
              [
                "Instagram",
                "instagram"
              ],
              [
                "Pronouns",
                "pronouns"
              ],
              [
                "Work phone extension",
                "workPhoneExtension"
              ],
              [
                "Supervisor",
                "supervisorEmail"
              ],
              [
                "Photo uploaded",
                "photoUploaded"
              ],
              [
                "Photo URL",
                "photoUrl"
              ],
              [
                "Can upload photo",
                "canUploadPhoto"
              ]
            ],
            "optional": true,
            "delimiter": "\n"
          },
          {
            "type": "string",
            "name": "secondary_index",
            "control_type": "multiselect",
            "label": "Secondary index",
            "hint": "Select one or more fields from list source.",
            "pick_list": [
              [
                "ID",
                "id"
              ],
              [
                "Display name",
                "displayName"
              ],
              [
                "First name",
                "firstName"
              ],
              [
                "Last name",
                "lastName"
              ],
              [
                "Preferred name",
                "preferredName"
              ],
              [
                "Job title",
                "jobTitle"
              ],
              [
                "Work phone",
                "workPhone"
              ],
              [
                "Mobile phone",
                "mobilePhone"
              ],
              [
                "Work email",
                "workEmail"
              ],
              [
                "Department",
                "department"
              ],
              [
                "Location",
                "location"
              ],
              [
                "Division",
                "division"
              ],
              [
                "Linked in",
                "linkedIn"
              ],
              [
                "Instagram",
                "instagram"
              ],
              [
                "Pronouns",
                "pronouns"
              ],
              [
                "Work phone extension",
                "workPhoneExtension"
              ],
              [
                "Supervisor",
                "supervisorEmail"
              ],
              [
                "Photo uploaded",
                "photoUploaded"
              ],
              [
                "Photo URL",
                "photoUrl"
              ],
              [
                "Can upload photo",
                "canUploadPhoto"
              ]
            ],
            "optional": true,
            "delimiter": "\n"
          }
        ],
        "uuid": "b3a2a0f8-77b6-4c37-853d-2c801b2df58c",
        "skip": false
      },
      {
        "number": 4,
        "provider": "workato_smart_list",
        "name": "query_list",
        "as": "55c783fd",
        "title": null,
        "description": null,
        "keyword": "action",
        "dynamicPickListSelection": {
        },
        "toggleCfg": {
          "csv": true
        },
        "input": {
          "output_schema_by": "index",
          "csv": "false",
          "headers": "false",
          "col_sep": "comma",
          "sql": "select\n   emp.displayName as 'EmployeeName',\n   emp.workEmail as 'EmployeeEmail',\n   emp.jobTitle as 'JobTitle',\n   emp.location as 'Location',\n   emp.department as 'DepartmentName',\n   emp.mobilePhone as 'Mobile',\n   emp.supervisorEmail as 'supervisorEmail'\n   from\n  employeesi emp order by emp.displayName asc limit 1;",
          "result_schema_json": "[{\"control_type\":\"text\",\"label\":\"Name\",\"name\":\"name\",\"type\":\"string\",\"optional\":false},{\"control_type\":\"text\",\"label\":\"Email\",\"name\":\"email\",\"type\":\"string\",\"optional\":false},{\"name\":\"title\",\"type\":\"string\",\"optional\":false,\"control_type\":\"text\"},{\"name\":\"location\",\"type\":\"string\",\"optional\":false,\"control_type\":\"text\"},{\"name\":\"department_name\",\"type\":\"string\",\"optional\":false,\"control_type\":\"text\"},{\"name\":\"mobile\",\"type\":\"string\",\"optional\":false,\"control_type\":\"text\"},{\"name\":\"supervisorEmail\",\"type\":\"string\",\"optional\":false,\"control_type\":\"text\"}]"
        },
        "extended_output_schema": [
          {
            "type": "array",
            "name": "rows",
            "label": "Rows",
            "of": "object",
            "properties": [
              {
                "control_type": "text",
                "label": "Name",
                "name": "name",
                "type": "string",
                "optional": false
              },
              {
                "control_type": "text",
                "label": "Email",
                "name": "email",
                "type": "string",
                "optional": false
              },
              {
                "control_type": "text",
                "label": "Title",
                "name": "title",
                "type": "string",
                "optional": false
              },
              {
                "control_type": "text",
                "label": "Location",
                "name": "location",
                "type": "string",
                "optional": false
              },
              {
                "control_type": "text",
                "label": "Department name",
                "name": "department_name",
                "type": "string",
                "optional": false
              },
              {
                "control_type": "text",
                "label": "Mobile",
                "name": "mobile",
                "type": "string",
                "optional": false
              },
              {
                "control_type": "text",
                "label": "Supervisor email",
                "name": "supervisorEmail",
                "type": "string",
                "optional": false
              }
            ]
          }
        ],
        "uuid": "5e2d0f1d-5e7d-4321-9e80-e09a954ded55",
        "skip": false
      },
      {
        "number": 5,
        "provider": "new_connector_1_connector_564885_1646392246",
        "name": "create_employees_in_fyle",
        "as": "13719c52",
        "title": null,
        "description": null,
        "keyword": "action",
        "dynamicPickListSelection": {
        },
        "toggleCfg": {
        },
        "input": {
          "data": {
            "____source": "#{_('data.workato_smart_list.55c783fd.rows')}",
            "title": "#{_('data.workato_smart_list.55c783fd.rows.first.title')}",
            "user_full_name": "#{_('data.workato_smart_list.55c783fd.rows.first.name')}",
            "user_email": "#{_('data.workato_smart_list.55c783fd.rows.first.email')}",
            "is_enabled": "True",
            "location": "US"
          }
        },
        "visible_config_fields": [
          "data.user_email",
          "data.user_full_name",
          "data",
          "data.title",
          "data.location",
          "data.department_name",
          "data.mobile",
          "data.is_active",
          "data.is_enabled",
          "data.approver_emails"
        ],
        "uuid": "d31b52a6-870d-4a27-91d3-34557020a471",
        "skip": false
      },
      {
        "number": 6,
        "provider": "new_connector_1_connector_564885_1646392246",
        "name": "create_employees_in_fyle",
        "as": "cbabf60f",
        "title": null,
        "description": null,
        "keyword": "action",
        "dynamicPickListSelection": {
        },
        "toggleCfg": {
        },
        "input": {
          "data": {
            "____source": "#{_('data.workato_smart_list.55c783fd.rows')}",
            "user_full_name": "#{_('data.workato_smart_list.55c783fd.rows.first.name')}",
            "user_email": "#{_('data.workato_smart_list.55c783fd.rows.first.email')}",
            "title": "#{_('data.workato_smart_list.55c783fd.rows.first.title')}",
            "location": "#{_('data.workato_smart_list.55c783fd.rows.first.location')}",
            "approver_emails": "=_('data.workato_smart_list.55c783fd.rows.first.supervisorEmail').present? ? [_('data.workato_smart_list.55c783fd.rows.first.supervisorEmail')] : []",
            "is_enabled": "True"
          }
        },
        "visible_config_fields": [
          "data.approver_emails",
          "data",
          "data.user_full_name",
          "data.user_email",
          "data.title",
          "data.location",
          "data.is_enabled"
        ],
        "uuid": "6a377beb-a748-4a41-bef4-aac92f330035",
        "skip": false
      }
    ],
    "uuid": "73ed2895-ce8e-4fca-b02b-632f19737e44"
  },
  "config": [
    {
      "keyword": "application",
      "provider": "clock",
      "skip_validation": false,
      "account_id": null
    },
    {
      "keyword": "application",
      "provider": "workato_smart_list",
      "skip_validation": false,
      "account_id": null
    },
    {
      "keyword": "application",
      "provider": "new_connector_1_connector_564885_1646392246",
      "account_id": {
        "zip_name": "fyle_test_connection.connection.json",
        "name": "Fyle Test Connection",
        "folder": "",
        "custom": true
      },
      "skip_validation": false
    },
    {
      "keyword": "application",
      "provider": "rest",
      "account_id": null,
      "skip_validation": false
    },
    {
      "keyword": "application",
      "provider": "lookup_table",
      "skip_validation": false,
      "account_id": null
    }
  ]
}